COMPANY NAME,SECURITY TYPE,Symbol_x,ISSUE START DATE,ISSUE END DATE,Issue_price_Upper_Limit,Issue_price_Lower_Limit,ISSUE_Price_RANGE,Listing Date,Issue Amount (Rs.cr.),Market Cap (IPO) (Rs.cr.),Market Cap on Close Price on Listing (Rs.cr.),% Gain / loss on Listing,Wealth creation w.r.t. Close Price on Listing (%),Opening Date,Issue Price (Rs.),QIB,NII,RII,TOTAL,Open Price on Listing (Rs.),Close Price on Listing (Rs.),% Gain / Loss (Issue price v/s Close price on Listing),ISSUE_START_Nifty_OPEN,ISSUE_START_Nifty_CLOSE,ISSUE_START_Nifty_HIGH,ISSUE_START_Nifty_LOW,ISSUE_END_Nifty_OPEN,ISSUE_END_Nifty_CLOSE,ISSUE_END_Nifty_HIGH,ISSUE_END_Nifty_LOW
MEESHO,EQ,MEESHO,2025-12-03,2025-12-05,111,105,6,2025-12-10,5421.2,50095.75,76763.85,53.23,-2.93,2025-12-03,111.0,49.97,39.29,19.12,45.28,162.5,170.09,53.23,26004.9,25986.0,26066.45,25891.0,25999.8,26186.45,26202.6,25985.35
AEQUS,EQ,AEQUS,2025-12-03,2025-12-05,124,118,6,2025-12-10,921.81,8316.25,10146.5,22.01,-2.8,2025-12-03,124.0,49.72,82.97,78.08,57.41,140.0,151.29,22.01,26004.9,25986.0,26066.45,25891.0,25999.8,26186.45,26202.6,25985.35
VIDYA WIRES,EQ,VIDYAWIRES,2025-12-03,2025-12-05,52,48,4,2025-12-10,300.01,1106.0,1130.88,2.25,-2.97,2025-12-03,52.0,2.74,55.65,29.35,19.99,52.0,53.17,2.25,26004.9,25986.0,26066.45,25891.0,25999.8,26186.45,26202.6,25985.35
SUDEEP PHARMA,EQ,SUDEEPPHRM,2025-11-21,2025-11-25,593,563,30,2025-11-28,895.0,6697.85,8743.92,30.55,-9.74,2025-11-21,593.0,85.68,116.18,15.14,65.56,730.0,774.15,30.55,26109.55,26068.15,26179.2,26052.2,25998.5,25884.8,26032.6,25857.5
EXCELSOFT TECHNOLOGIES,EQ,EXCELSOFT,2025-11-19,2025-11-21,120,114,6,2025-11-26,500.0,1381.01,1449.72,4.97,-21.84,2025-11-19,120.0,20.52,106.72,16.01,31.87,135.0,125.97,4.97,25918.1,26052.65,26074.65,25856.2,26109.55,26068.15,26179.2,26052.2
CAPILLARY TECHNOLOGIES INDIA,EQ,CAPILLARY,2025-11-14,2025-11-18,577,549,28,2025-11-21,877.5,4576.29,4810.26,5.11,18.61,2025-11-14,577.0,23.44,69.49,15.4,29.48,571.9,606.5,5.11,25767.9,25910.05,25940.2,25740.8,26021.8,25910.05,26029.85,25876.5
FUJIYAMA POWER SYSTEMS,EQ,UTLSOLAR,2025-11-13,2025-11-17,228,216,12,2025-11-20,828.0,6986.17,6386.83,-8.58,-1.76,2025-11-13,228.0,2.72,0.88,1.01,1.84,220.0,208.44,-8.58,25906.1,25879.15,26010.7,25808.4,25948.2,26013.45,26024.2,25906.35
TENNECO CLEAN AIR INDIA,EQ,TENNIND,2025-11-12,2025-11-14,397,378,19,2025-11-19,3600.0,16023.09,19808.9,23.63,-3.63,2025-11-12,397.0,70.45,42.65,5.26,43.47,505.0,490.8,23.63,25834.3,25875.8,25934.55,25781.15,25767.9,25910.05,25940.2,25740.8
PHYSICSWALLAH,EQ,PWL,2025-11-11,2025-11-13,109,103,6,2025-11-18,3480.0,31527.44,44902.01,42.42,-12.4,2025-11-11,109.0,1.75,0.5,1.06,1.49,145.0,155.24,42.42,25617.0,25694.95,25715.8,25449.25,25906.1,25879.15,26010.7,25808.4
EMMVEE PHOTOVOLTAIC POWER,EQ,EMMVEE,2025-11-11,2025-11-13,217,206,11,2025-11-18,2900.0,15023.89,15190.05,1.11,-11.7,2025-11-11,217.0,1.15,0.3,1.11,1.02,217.0,219.4,1.11,25617.0,25694.95,25715.8,25449.25,25906.1,25879.15,26010.7,25808.4
PINE LABS,EQ,PINELABS,2025-11-07,2025-11-11,221,210,11,2025-11-14,3900.17,25376.91,28809.11,13.52,-5.48,2025-11-07,221.0,2.2,0.29,1.2,1.81,242.0,250.89,13.52,25433.8,25492.3,25551.25,25318.45,25617.0,25694.95,25715.8,25449.25
BILLIONBRAINS GARAGE VENTURES,EQ,GROWW,2025-11-04,2025-11-07,100,95,5,2025-11-12,6632.3,61735.97,81077.84,31.33,10.51,2025-11-04,100.0,9.41,14.1,9.17,10.09,112.0,131.33,31.33,25744.75,25597.65,25787.4,25578.4,25433.8,25492.3,25551.25,25318.45
LENSKART SOLUTIONS,EQ,LENSKART,2025-10-31,2025-11-04,402,382,20,2025-11-10,7278.02,69727.36,69918.16,0.27,0.71,2025-10-31,402.0,16.74,18.28,7.48,16.01,395.0,403.1,0.27,25863.8,25722.1,25953.75,25711.2,25744.75,25597.65,25787.4,25578.4
STUDDS ACCESSORIES,EQ,STUDDS,2025-10-30,2025-11-03,585,557,28,2025-11-07,455.49,2302.17,2204.97,-4.22,-2.8,2025-10-30,585.0,64.55,76.66,21.55,51.31,565.0,560.3,-4.22,25984.4,25877.85,26032.05,25845.25,25696.85,25763.35,25803.1,25645.5
ORKLA INDIA,EQ,ORKLAINDIA,2025-10-29,2025-10-31,730,695,35,2025-11-06,1667.54,10000.21,9776.24,-2.24,-12.47,2025-10-29,730.0,47.55,54.25,6.8,34.25,750.1,713.65,-2.24,25982.0,26053.9,26097.85,25960.3,25863.8,25722.1,25953.75,25711.2
MIDWEST,EQ,MIDWESTLTD,2025-10-15,2025-10-17,1065,1014,51,2025-10-24,451.1,3851.13,4124.14,7.09,28.05,2025-10-15,1065.0,59.13,175.57,24.56,64.34,1165.0,1140.5,7.09,25181.95,25323.55,25365.15,25159.35,25546.85,25709.85,25781.5,25508.6
CANARA HSBC LIFE INSURANCE COMPANY,EQ,CANHLIFE,2025-10-10,2025-10-14,106,100,6,2025-10-17,2517.5,10070.0,10584.9,5.11,9.35,2025-10-10,106.0,3.44,0.32,0.4,1.9,106.0,111.42,5.11,25167.65,25285.35,25330.75,25156.85,25277.55,25145.5,25310.35,25060.55
CANARA ROBECO ASSET MANAGEMENT COMPANY,EQ,CRAMC,2025-10-09,2025-10-13,266,253,13,2025-10-16,1326.13,5304.5,5991.5,12.95,-0.73,2025-10-09,266.0,10.96,6.4,1.86,7.09,280.25,300.45,12.95,25074.3,25181.8,25199.25,25024.3,25177.3,25227.35,25267.3,25152.3
RUBICON RESEARCH,EQ,RUBICON,2025-10-09,2025-10-13,485,461,24,2025-10-16,1377.68,7990.39,10349.61,29.53,1.3,2025-10-09,485.0,55.39,101.82,36.48,60.38,620.0,628.2,29.53,25074.3,25181.8,25199.25,25024.3,25177.3,25227.35,25267.3,25152.3
LG ELECTRONICS INDIA,EQ,LGEINDIA,2025-10-07,2025-10-09,1140,1080,60,2025-10-14,11607.01,77380.05,114705.75,48.24,-7.0,2025-10-07,1140.0,67.21,22.08,3.39,38.03,1710.1,1689.9,48.24,25085.3,25108.3,25220.9,25076.3,25074.3,25181.8,25199.25,25024.3
WEWORK INDIA MANAGEMENT,EQ,WEWORK,2025-10-03,2025-10-07,648,615,33,2025-10-10,3000.0,8684.71,8425.37,-2.99,-5.54,2025-10-03,648.0,1.33,0.23,0.57,1.09,650.0,628.65,-2.99,24759.55,24894.25,24904.8,24747.55,25085.3,25108.3,25220.9,25076.3
GLOTTIS,EQ,GLOTTIS,2025-09-29,2025-10-01,129,120,9,2025-10-07,307.0,1192.0,773.41,-35.12,-27.97,2025-09-29,129.0,1.54,3.06,1.43,1.95,84.0,83.7,-35.12,24728.55,24634.9,24791.3,24606.2,24620.55,24836.3,24867.95,24605.95
PACE DIGITEK,EQ,PACEDIGITK,2025-09-26,2025-09-30,219,208,11,2025-10-06,819.15,4727.14,4705.34,-0.46,-8.25,2025-09-26,219.0,1.29,2.94,1.05,1.45,225.0,217.99,-0.46,24818.55,24654.7,24868.6,24629.45,24691.95,24611.1,24731.8,24587.7
TRUALT BIOENERGY,EQ,TRUALT,2025-09-25,2025-09-29,496,472,24,2025-10-03,839.28,4253.33,4553.03,7.05,-23.32,2025-09-25,496.0,66.53,102.95,11.37,52.69,545.4,530.95,7.05,25034.5,24890.85,25092.7,24878.3,24728.55,24634.9,24791.3,24606.2
JAIN RESOURCE RECYCLING,EQ,JAINREC,2025-09-24,2025-09-26,232,220,12,2025-10-01,1250.0,8005.99,10510.62,31.28,25.68,2025-09-24,232.0,11.3,5.58,3.72,9.69,319.94,304.58,31.28,25108.75,25056.9,25149.85,25027.45,24818.55,24654.7,24868.6,24629.45
EPACK PREFAB TECHNOLOGIES,EQ,EPACKPEB,2025-09-24,2025-09-26,204,194,10,2025-10-01,504.0,2049.22,1951.28,-4.78,52.43,2025-09-24,204.0,2.75,3.74,1.7,2.53,189.99,194.25,-4.78,25108.75,25056.9,25149.85,25027.45,24818.55,24654.7,24868.6,24629.45
SESHAASAI TECHNOLOGIES,EQ,STYL,2025-09-23,2025-09-25,423,402,21,2025-09-30,813.28,6844.39,6657.5,-2.73,-28.16,2025-09-23,423.0,76.26,51.27,9.24,48.93,432.0,411.45,-2.73,25209.0,25169.5,25261.9,25084.65,25034.5,24890.85,25092.7,24878.3
JARO INSTITUTE OF TECHNOLOGY MANAGEMENT AND RESEARCH,EQ,JARO,2025-09-23,2025-09-25,890,846,44,2025-09-30,450.0,1971.91,1648.98,-16.38,-25.11,2025-09-23,890.0,15.59,37.21,9.01,16.53,890.0,744.25,-16.38,25209.0,25169.5,25261.9,25084.65,25034.5,24890.85,25092.7,24878.3
ANAND RATHI SHARE AND STOCK BROKERS,EQ,ARSSBL,2025-09-23,2025-09-25,414,393,21,2025-09-30,745.64,2596.83,2794.72,7.62,34.75,2025-09-23,414.0,19.04,30.04,4.95,15.55,432.0,445.55,7.62,25209.0,25169.5,25261.9,25084.65,25034.5,24890.85,25092.7,24878.3
SOLARWORLD ENERGY SOLUTIONS,EQ,SOLARWORLD,2025-09-23,2025-09-25,351,333,18,2025-09-30,490.0,3042.21,2803.86,-7.83,-11.17,2025-09-23,351.0,30.27,68.02,50.69,37.97,388.5,323.5,-7.83,25209.0,25169.5,25261.9,25084.65,25034.5,24890.85,25092.7,24878.3
ATLANTA ELECTRICALS,EQ,ATLANTAELE,2025-09-22,2025-09-24,754,718,36,2025-09-29,687.85,5798.01,6331.28,9.2,12.35,2025-09-22,754.0,77.97,55.6,10.54,50.62,857.0,823.35,9.2,25238.1,25202.35,25331.7,25151.05,25108.75,25056.9,25149.85,25027.45
GANESH CONSUMER PRODUCTS,EQ,GANESHCP,2025-09-22,2025-09-24,322,306,16,2025-09-29,408.8,1301.3,1189.35,-8.6,-18.76,2025-09-22,322.0,2.39,4.31,1.13,2.23,296.05,294.3,-8.6,25238.1,25202.35,25331.7,25151.05,25108.75,25056.9,25149.85,25027.45
SAATVIK GREEN ENERGY,EQ,SAATVIK,2025-09-19,2025-09-23,465,442,23,2025-09-26,900.2,5910.38,5601.52,-5.23,-14.78,2025-09-19,465.0,5.14,10.53,2.72,5.09,465.0,440.7,-5.23,25410.2,25327.05,25431.4,25286.3,25209.0,25169.5,25261.9,25084.65
GK ENERGY,EQ,GKENERGY,2025-09-19,2025-09-23,153,145,8,2025-09-26,464.26,3103.1,3402.06,9.63,-5.75,2025-09-19,153.0,77.69,128.29,21.34,65.56,171.0,167.74,9.63,25410.2,25327.05,25431.4,25286.3,25209.0,25169.5,25261.9,25084.65
IVALUE INFOSOLUTIONS,EQ,IVALUE,2025-09-18,2025-09-22,299,284,15,2025-09-25,560.29,1600.84,1509.02,-5.74,1.14,2025-09-18,299.0,1.98,1.18,1.22,1.59,284.95,281.85,-5.74,25441.05,25423.6,25448.55,25329.75,25238.1,25202.35,25331.7,25151.05
EURO PRATIK SALES,EQ,EUROPRATIK,2025-09-16,2025-09-18,247,235,12,2025-09-23,451.31,2524.34,2538.44,0.56,21.43,2025-09-16,247.0,1.13,1.95,1.23,1.29,272.1,248.38,0.56,25073.6,25239.1,25261.4,25070.45,25441.05,25423.6,25448.55,25329.75
URBAN COMPANY,EQ,URBANCO,2025-09-10,2025-09-12,103,98,5,2025-09-17,1900.24,14789.79,23955.15,61.97,-22.77,2025-09-10,103.0,59.44,77.52,40.1,60.14,162.25,166.83,61.97,24991.0,24973.1,25035.7,24915.05,25074.45,25114.0,25139.45,25038.05
SHRINGAR HOUSE OF MANGALSUTRA,EQ,SHRINGARMS,2025-09-10,2025-09-12,165,155,10,2025-09-17,400.95,1591.13,1782.84,12.05,6.34,2025-09-10,165.0,41.17,82.36,26.66,42.24,188.5,184.88,12.05,24991.0,24973.1,25035.7,24915.05,25074.45,25114.0,25139.45,25038.05
VIKRAN ENGINEERING,EQ,VIKRAN,2025-08-26,2025-08-29,97,92,5,2025-09-03,772.0,2501.74,2468.47,-1.33,-2.81,2025-08-26,97.0,8.67,61.68,11.27,17.53,99.0,95.71,-1.33,24899.5,24712.05,24919.65,24689.6,24466.7,24426.85,24572.45,24404.7
MANGAL ELECTRICAL INDUSTRIES,EQ,MEIL,2025-08-20,2025-08-22,561,533,28,2025-08-28,400.0,1550.05,1479.18,-4.57,-30.85,2025-08-20,561.0,5.13,19.7,4.99,7.27,556.0,535.35,-4.57,24965.8,25050.55,25088.7,24929.7,25064.15,24870.1,25084.85,24859.15
VIKRAM SOLAR,EQ,VIKRAMSOLR,2025-08-19,2025-08-21,332,315,17,2025-08-26,2079.37,12009.01,12891.59,7.35,-31.8,2025-08-19,332.0,58.56,52.8,7.77,39.73,338.0,356.4,7.35,24891.35,24980.65,25012.65,24873.95,25142.0,25083.75,25153.65,25054.9
SHREEJI SHIPPING GLOBAL,EQ,SHREEJISPG,2025-08-19,2025-08-21,252,240,12,2025-08-26,410.71,4105.54,4156.04,1.23,30.16,2025-08-19,252.0,44.82,72.62,21.57,40.85,270.0,255.1,1.23,24891.35,24980.65,25012.65,24873.95,25142.0,25083.75,25153.65,25054.9
GEM AROMATICS,EQ,GEMAROMA,2025-08-19,2025-08-21,325,309,16,2025-08-26,451.25,1697.71,1666.63,-1.83,-55.7,2025-08-19,325.0,22.14,45.9,10.29,21.55,333.1,319.05,-1.83,24891.35,24980.65,25012.65,24873.95,25142.0,25083.75,25153.65,25054.9
REGAAL RESOURCES,EQ,REGAAL,2025-08-12,2025-08-14,102,96,6,2025-08-20,306.0,1047.78,1351.64,29.0,-45.08,2025-08-12,102.0,41.34,355.25,55.61,93.42,141.0,131.58,29.0,24563.35,24487.4,24702.6,24465.65,24607.25,24631.3,24673.65,24596.9
BLUESTONE JEWELLERY AND LIFESTYLE,EQ,BLUESTONE,2025-08-11,2025-08-13,517,492,25,2025-08-19,1540.65,7823.26,8262.09,5.61,-3.4,2025-08-11,517.0,2.3,0.56,1.32,1.94,510.0,546.0,5.61,24371.5,24585.05,24600.85,24347.45,24586.2,24619.35,24664.55,24535.25
ALL TIME PLASTICS,EQ,ALLTIME,2025-08-07,2025-08-11,275,260,15,2025-08-14,400.6,1801.46,1855.84,3.02,-5.59,2025-08-07,275.0,4.76,13.9,5.23,6.28,311.3,283.3,3.02,24464.2,24596.15,24634.2,24344.15,24371.5,24585.05,24600.85,24347.45
JSW CEMENT,EQ,JSWCEMENT,2025-08-07,2025-08-11,147,139,8,2025-08-14,3600.0,20041.46,19914.67,-0.63,-17.0,2025-08-07,147.0,7.3,11.56,1.84,6.03,153.5,146.07,-0.63,24464.2,24596.15,24634.2,24344.15,24371.5,24585.05,24600.85,24347.45
SRI LOTUS DEVELOPERS AND REALTY,EQ,LOTUSDEV,2025-07-30,2025-08-01,150,140,10,2025-08-06,792.0,7330.86,9562.86,30.45,-19.98,2025-07-30,150.0,70.76,61.53,21.13,51.87,178.0,195.67,30.45,24890.4,24855.05,24902.3,24771.95,24734.9,24565.35,24784.15,24535.05
M&B ENGINEERING,EQ,MBEL,2025-07-30,2025-08-01,385,366,19,2025-08-06,650.0,2200.21,2335.36,6.14,-7.5,2025-07-30,385.0,15.98,40.18,33.54,21.3,385.0,408.65,6.14,24890.4,24855.05,24902.3,24771.95,24734.9,24565.35,24784.15,24535.05
LAXMI INDIA FINANCE,EQ,LAXMIINDIA,2025-07-29,2025-07-31,158,150,8,2025-08-05,254.26,825.83,700.96,-15.12,-1.83,2025-07-29,158.0,1.47,1.82,2.17,1.76,137.52,134.11,-15.12,24609.65,24821.1,24847.15,24598.6,24642.25,24768.35,24956.5,24635.0
ADITYA INFOTECH,EQ,CPPLUS,2025-07-29,2025-07-31,675,640,35,2025-08-05,1300.0,7912.48,12691.03,60.39,43.62,2025-07-29,675.0,56.7,75.52,52.56,58.82,1015.0,1082.65,60.39,24609.65,24821.1,24847.15,24598.6,24642.25,24768.35,24956.5,24635.0
SHANTI GOLD INTERNATIONAL,EQ,SHANTIGOLD,2025-07-25,2025-07-29,199,189,10,2025-08-01,360.11,1434.71,1653.74,15.27,-15.46,2025-07-25,199.0,47.35,151.49,30.42,57.04,227.55,229.38,15.27,25010.35,24837.0,25010.35,24806.35,24609.65,24821.1,24847.15,24598.6
BRIGADE HOTEL VENTURES,EQ,BRIGHOTEL,2025-07-24,2025-07-28,90,85,5,2025-07-31,759.6,3418.58,3240.82,-5.2,-14.37,2025-07-24,90.0,2.9,10.1,6.59,4.26,81.1,85.32,-5.2,25243.3,25062.1,25246.25,25018.7,24782.45,24680.9,24889.2,24646.6
GNG ELECTRONICS,EQ,EBGNG,2025-07-23,2025-07-25,237,225,12,2025-07-30,460.43,2702.07,3801.03,40.67,-16.3,2025-07-23,237.0,110.35,237.44,48.2,107.66,355.0,333.39,40.67,25139.35,25219.9,25233.5,25085.5,25010.35,24837.0,25010.35,24806.35
INDIQUBE SPACES,EQ,INDIQUBE,2025-07-23,2025-07-25,237,225,12,2025-07-30,700.0,4977.27,4577.62,-8.03,-11.02,2025-07-23,237.0,6.68,8.62,13.41,7.63,216.0,217.97,-8.03,25139.35,25219.9,25233.5,25085.5,25010.35,24837.0,25010.35,24806.35
ANTHEM BIOSCIENCES,EQ,ANTHEM,2025-07-14,2025-07-16,570,540,30,2025-07-21,3395.0,32011.77,41017.19,28.13,-4.23,2025-07-14,570.0,77.87,43.67,5.74,47.37,723.05,730.35,28.13,25149.5,25082.3,25151.1,25001.95,25196.6,25212.05,25255.3,25121.05
SMARTWORKS COWORKING SPACES,EQ,SMARTWORKS,2025-07-10,2025-07-14,407,387,20,2025-07-17,582.56,4645.14,5079.41,9.35,6.13,2025-07-10,407.0,10.59,23.63,3.59,10.03,435.0,445.05,9.35,25511.65,25355.25,25524.05,25340.45,25149.5,25082.3,25151.1,25001.95
TRAVEL FOOD SERVICES,EQ,TRAVELFOOD,2025-07-07,2025-07-09,1100,1045,55,2025-07-14,2000.0,14484.74,14152.91,-2.29,19.69,2025-07-07,1100.0,3.83,1.62,0.69,2.4,1125.0,1074.8,-2.29,25450.45,25461.3,25489.8,25407.25,25514.6,25476.1,25548.7,25424.35
CRIZAC LIMITED,EQ,CRIZAC,2025-07-02,2025-07-04,245,233,12,2025-07-09,860.0,4287.07,5382.99,25.56,-8.45,2025-07-02,245.0,57.16,79.49,10.54,44.19,281.05,307.63,25.56,25588.3,25453.4,25608.1,25378.75,25428.85,25461.0,25470.25,25331.65
HDB FINANCIAL SERVICES,EQ,HDBFS,2025-06-25,2025-06-27,740,700,40,2025-07-02,12500.0,61253.3,69609.41,13.64,-8.94,2025-06-25,740.0,24.05,10.24,1.43,13.07,835.0,840.95,13.64,25150.35,25244.75,25266.8,25125.05,25576.65,25637.8,25654.2,25523.55
SAMBHV STEEL TUBES,EQ,SAMBHV,2025-06-25,2025-06-27,82,77,5,2025-07-02,540.0,2416.31,2875.7,19.01,-2.52,2025-06-25,82.0,27.26,33.62,8.35,21.49,110.0,97.59,19.01,25150.35,25244.75,25266.8,25125.05,25576.65,25637.8,25654.2,25523.55
ELLENBARRIE INDUSTRIAL GASES,EQ,ELLEN,2025-06-24,2025-06-26,400,380,20,2025-07-01,852.53,5637.42,7534.42,33.65,-34.11,2025-06-24,400.0,25.92,15.54,2.14,16.04,486.0,534.6,33.65,25179.9,25044.35,25317.7,24999.7,25268.95,25549.0,25565.3,25259.9
KALPATARU,EQ,KALPATARU,2025-06-24,2025-06-26,414,387,27,2025-07-01,1590.0,8524.84,8915.05,4.58,-19.21,2025-06-24,414.0,1.93,1.39,1.35,1.78,414.0,432.95,4.58,25179.9,25044.35,25317.7,24999.7,25268.95,25549.0,25565.3,25259.9
ARISINFRA SOLUTIONS,EQ,ARISINFRA,2025-06-18,2025-06-20,222,210,12,2025-06-25,499.6,1799.28,1413.32,-21.45,-28.0,2025-06-18,222.0,1.2,3.07,5.98,1.96,205.0,174.38,-21.45,24788.35,24812.05,24947.55,24750.45,24787.65,25112.4,25136.2,24783.65
OSWAL PUMPS,EQ,OSWALPUMPS,2025-06-13,2025-06-17,614,584,30,2025-06-20,1387.34,6998.21,7127.58,1.85,-15.33,2025-06-13,614.0,35.89,38.19,3.59,24.93,634.0,625.35,1.85,24473.0,24718.6,24754.35,24473.0,24977.85,24853.4,24982.05,24813.7
SCHLOSS BANGALORE,EQ,THELEELA,2025-05-26,2025-05-28,435,413,22,2025-06-02,3500.0,14527.17,14545.54,0.13,-8.7,2025-05-26,435.0,3.74,1.06,0.83,3.05,406.0,435.55,0.13,24919.35,25001.15,25079.2,24900.5,24832.5,24752.45,24864.25,24737.05
BELRISE INDUSTRIES,EQ,BELRISE,2025-05-21,2025-05-23,90,85,5,2025-05-28,2150.0,8008.91,8668.31,8.23,64.15,2025-05-21,90.0,0.98,40.78,4.4,8.15,100.0,97.41,8.23,24744.25,24813.45,24946.2,24685.35,24639.5,24853.15,24909.05,24614.05
ATHER ENERGY,EQ,ATHERENERG,2025-04-28,2025-04-30,321,304,17,2025-05-06,2980.76,11955.96,11259.46,-5.83,113.4,2025-04-28,321.0,1.3,0.68,1.76,1.26,328.0,302.3,-5.83,24070.25,24328.5,24355.1,24054.05,24342.05,24334.2,24396.15,24198.75
QUALITY POWER ELECTRICAL EQUIPMENTS,EQ,QPOWER,2025-02-14,2025-02-18,425,401,24,2025-02-24,858.7,3291.37,3004.06,-8.73,80.87,2025-02-14,425.0,1.01,0.77,1.72,1.05,430.0,387.9,-8.73,23096.45,22929.25,23133.7,22774.85,22963.65,22945.3,22992.5,22801.5
HEXAWARE TECHNOLOGIES,EQ,HEXT,2025-02-12,2025-02-14,708,674,34,2025-02-19,8750.0,43024.78,46339.76,7.7,-0.09,2025-02-12,708.0,4.42,0.21,0.1,2.25,745.5,762.55,7.7,23050.8,23045.25,23144.7,22798.35,23096.45,22929.25,23133.7,22774.85
AJAX ENGINEERING,EQ,AJAXENGG,2025-02-10,2025-02-12,629,599,30,2025-02-17,1268.93,7196.19,6811.78,-5.34,1.13,2025-02-10,629.0,6.46,6.41,1.89,4.84,576.0,595.4,-5.34,23543.8,23381.6,23568.6,23316.3,23050.8,23045.25,23144.7,22798.35
DR. AGARWAL'S HEALTH CARE,EQ,AGARWALEYE,2025-01-29,2025-01-31,402,382,20,2025-02-04,3027.26,12698.37,12687.31,-0.09,25.92,2025-01-29,402.0,2.48,0.37,0.39,1.39,402.0,401.65,-0.09,23026.75,23163.1,23183.35,22976.5,23296.75,23508.4,23546.8,23277.4
LAXMI DENTAL,EQ,LAXMIDENTL,2025-01-13,2025-01-15,428,407,21,2025-01-20,698.06,2352.38,3025.94,28.63,-51.46,2025-01-13,428.0,44.6,147.44,75.35,63.1,542.0,550.55,28.63,23195.4,23085.95,23340.95,23047.25,23250.45,23213.2,23293.65,23146.45
QUADRANT FUTURE TEK,EQ,QUADFUTURE,2025-01-07,2025-01-09,290,275,15,2025-01-14,290.0,1160.0,1776.0,53.1,-39.71,2025-01-07,290.0,56.72,265.68,256.63,108.05,370.0,444.0,53.1,23679.9,23707.9,23795.2,23637.8,23674.75,23526.5,23689.5,23503.05
STANDARD GLASS LINING TECHNOLOGY,EQ,SGLTL,2025-01-06,2025-01-08,140,133,7,2025-01-13,410.05,2792.88,3258.7,16.68,-4.08,2025-01-06,140.0,131.6,273.52,65.72,129.83,176.0,163.35,16.68,24045.8,23616.05,24089.95,23551.9,23746.65,23688.95,23751.85,23496.15
INDO FARM EQUIPMENT,EQ,INDOFARM,2024-12-31,2025-01-02,215,204,11,2025-01-07,260.15,1033.11,1334.87,29.21,-31.35,2024-12-31,215.0,97.11,498.49,102.57,159.23,276.44,277.8,29.21,23560.6,23644.8,23689.85,23460.45,23783.0,24188.65,24226.7,23751.55
UNIMECH AEROSPACE AND MANUFACTURING,EQ,UNIMECH,2024-12-23,2024-12-26,785,745,40,2024-12-31,500.0,3992.27,6999.18,75.32,-31.39,2024-12-23,785.0,133.73,275.23,57.86,128.02,1460.0,1376.25,75.32,23738.2,23753.45,23869.55,23647.2,23775.8,23750.2,23854.5,23653.6
CARRARO INDIA,EQ,CARRARO,2024-12-20,2024-12-24,704,668,36,2024-12-30,1250.0,4002.35,3616.89,-9.63,-14.63,2024-12-20,704.0,1.56,0.59,0.72,1.12,651.0,636.2,-9.63,23960.7,23587.5,24065.8,23537.35,23769.1,23727.65,23867.65,23685.15
SENORES PHARMACEUTICALS,EQ,SENORES,2024-12-20,2024-12-24,391,372,19,2024-12-30,582.11,1800.7,2568.87,42.66,40.93,2024-12-20,391.0,40.12,98.1,94.87,54.02,593.7,557.8,42.66,23960.7,23587.5,24065.8,23537.35,23769.1,23727.65,23867.65,23685.15
VENTIVE HOSPITALITY,EQ,VENTIVE,2024-12-20,2024-12-24,643,610,33,2024-12-30,1600.0,15016.7,16449.47,9.54,0.7,2024-12-20,643.0,4.43,14.54,6.19,6.12,716.0,704.35,9.54,23960.7,23587.5,24065.8,23537.35,23769.1,23727.65,23867.65,23685.15
TRANSRAIL LIGHTING,EQ,TRANSRAILL,2024-12-19,2024-12-23,432,410,22,2024-12-27,838.91,5799.86,7431.74,28.14,5.57,2024-12-19,432.0,79.49,78.1,23.08,58.2,590.0,553.55,28.14,23877.15,23951.7,24004.9,23870.3,23738.2,23753.45,23869.55,23647.2
DAM CAPITAL ADVISORS,EQ,DAMCAPITAL,2024-12-19,2024-12-23,283,269,14,2024-12-27,840.25,2000.41,2934.18,46.68,-48.86,2024-12-19,283.0,67.08,98.1,27.22,57.65,393.0,415.1,46.68,23877.15,23951.7,24004.9,23870.3,23738.2,23753.45,23869.55,23647.2
CONCORD ENVIRO SYSTEMS,EQ,CEWATER,2024-12-19,2024-12-23,701,665,36,2024-12-27,500.33,1450.81,1711.79,17.99,-49.29,2024-12-19,701.0,7.39,14.4,5.68,7.84,826.0,827.1,17.99,23877.15,23951.7,24004.9,23870.3,23738.2,23753.45,23869.55,23647.2
SANATHAN TEXTILES,EQ,SANATHAN,2024-12-19,2024-12-23,321,305,16,2024-12-27,550.0,2709.37,3277.83,20.98,15.89,2024-12-19,321.0,32.51,44.26,9.3,26.15,422.3,388.35,20.98,23877.15,23951.7,24004.9,23870.3,23738.2,23753.45,23869.55,23647.2
INTERNATIONAL GEMMOLOGICAL INSTITUTE (INDIA),EQ,IGIL,2024-12-13,2024-12-17,417,397,20,2024-12-20,4225.0,18021.06,20361.2,12.99,-32.02,2024-12-13,417.0,19.83,25.84,11.48,19.89,510.0,471.15,12.99,24498.35,24768.3,24792.3,24180.8,24584.8,24336.0,24624.1,24303.45
INVENTURUS KNOWLEDGE SOLUTIONS,EQ,IKS,2024-12-12,2024-12-16,1329,1265,64,2024-12-19,2497.92,22802.07,32355.27,41.9,-12.72,2024-12-12,1329.0,32.84,23.13,14.65,29.46,2095.0,1885.8,41.9,24604.45,24548.7,24675.25,24527.95,24753.4,24668.25,24781.25,24601.75
SAI LIFE SCIENCES,EQ,SAILIFE,2024-12-11,2024-12-13,549,522,27,2024-12-18,3042.62,11418.63,15903.92,39.28,17.62,2024-12-11,549.0,12.54,4.99,1.36,7.5,650.0,764.65,39.28,24620.5,24641.8,24691.75,24583.85,24498.35,24768.3,24792.3,24180.8
VISHAL MEGA MART,EQ,VMM,2024-12-11,2024-12-13,78,74,4,2024-12-18,8000.0,35168.01,50466.1,43.5,20.41,2024-12-11,78.0,34.65,14.96,2.44,20.42,104.0,111.93,43.5,24620.5,24641.8,24691.75,24583.85,24498.35,24768.3,24792.3,24180.8
ONE MOBIKWIK SYSTEMS,EQ,MOBIKWIK,2024-12-11,2024-12-13,279,265,14,2024-12-18,572.0,2167.45,4101.84,89.25,-55.02,2024-12-11,279.0,50.81,114.38,143.52,69.61,440.0,528.0,89.25,24620.5,24641.8,24691.75,24583.85,24498.35,24768.3,24792.3,24180.8
SURAKSHA DIAGNOSTIC,EQ,SURAKSHA,2024-11-29,2024-12-03,441,420,21,2024-12-06,846.25,2296.76,2296.76,0.0,-35.96,2024-11-29,441.0,1.31,1.39,0.88,1.17,438.0,441.0,0.0,23927.15,24131.1,24188.45,23927.15,24367.5,24457.15,24481.35,24280.0
ENVIRO INFRA ENGINEERS,EQ,EIEL,2024-11-22,2024-11-26,148,140,8,2024-11-29,650.3,2597.84,3634.7,39.91,-3.07,2024-11-22,148.0,63.5,152.57,23.86,62.85,220.0,207.07,39.91,23411.8,23907.25,23956.1,23359.0,24343.3,24194.5,24343.3,24125.4
ZINKA LOGISTICS SOLUTIONS,EQ,BLACKBUCK,2024-11-13,2024-11-18,273,259,14,2024-11-22,1114.72,4817.81,4591.92,-4.69,151.23,2024-11-13,273.0,1.53,0.23,1.6,1.34,279.05,260.2,-4.69,23822.45,23559.05,23873.6,23509.6,23605.3,23453.8,23606.8,23350.4
NIVA BUPA HEALTH INSURANCE COMPANY,EQ,NIVABUPA,2024-11-07,2024-11-11,74,70,4,2024-11-14,2200.0,13380.91,13380.91,0.0,1.86,2024-11-07,74.0,1.49,0.7,2.77,1.5,78.5,74.0,0.0,24489.6,24199.35,24503.35,24179.05,24087.25,24141.3,24336.8,24004.6
ACME SOLAR HOLDINGS,EQ,ACMESOLAR,2024-11-06,2024-11-08,289,275,14,2024-11-13,2900.0,17486.81,15317.6,-12.4,-9.81,2024-11-06,289.0,2.12,0.95,3.12,2.04,251.0,253.15,-12.4,24308.75,24484.05,24537.6,24204.05,24207.7,24148.2,24276.15,24066.65
SWIGGY,EQ,SWIGGY,2024-11-06,2024-11-08,390,371,19,2024-11-13,11327.43,87298.6,102072.21,16.92,-8.66,2024-11-06,390.0,3.01,0.39,1.06,2.42,420.0,456.0,16.92,24308.75,24484.05,24537.6,24204.05,24207.7,24148.2,24276.15,24066.65
SAGILITY INDIA,EQ,SAGILITY,2024-11-05,2024-11-07,30,28,2,2024-11-12,2106.4,14043.99,13725.65,-2.27,69.82,2024-11-05,30.0,2.04,1.88,3.98,2.2,31.06,29.32,-2.27,23916.5,24213.3,24229.05,23842.75,24489.6,24199.35,24503.35,24179.05
GODAVARI BIOREFINERIES,EQ,GODAVARIB,2024-10-23,2024-10-25,352,334,18,2024-10-30,554.75,1801.39,1756.36,-2.5,-26.15,2024-10-23,352.0,1.77,0.89,1.68,1.61,308.0,343.2,-2.5,24378.15,24435.5,24604.25,24378.1,24418.05,24180.8,24440.25,24073.9
DEEPAK BUILDERS & ENGINEERS INDIA,EQ,DBEIL,2024-10-21,2024-10-23,203,192,11,2024-10-28,260.04,945.59,754.38,-20.22,-26.4,2024-10-21,203.0,6.03,81.74,38.95,28.91,200.0,161.95,-20.22,24956.15,24781.1,24978.3,24679.6,24378.15,24435.5,24604.25,24378.1
WAAREE ENERGIES,EQ,WAAREEENER,2024-10-21,2024-10-23,1503,1427,76,2024-10-28,4321.44,43178.66,67192.67,55.62,27.41,2024-10-21,1503.0,86.51,64.65,11.06,55.98,2500.0,2338.9,55.62,24956.15,24781.1,24978.3,24679.6,24378.15,24435.5,24604.25,24378.1
HYUNDAI MOTOR INDIA,EQ,HYUNDAI,2024-10-15,2024-10-17,1960,1865,95,2024-10-22,27858.75,159258.06,147849.98,-7.16,28.72,2024-10-15,1960.0,3.4,0.57,0.44,1.93,1934.0,1819.6,-7.16,25186.3,25057.35,25212.05,25008.15,25027.4,24749.85,25029.5,24728.9
GARUDA CONSTRUCTION AND ENGINEERING,EQ,GARUDA,2024-10-08,2024-10-10,95,90,5,2024-10-15,264.1,883.9,989.59,11.96,90.49,2024-10-08,95.0,1.13,8.93,10.56,5.6,105.0,106.36,11.96,24832.2,25013.15,25044.0,24756.8,25067.05,24998.45,25134.05,24979.4
KRN HEAT EXCHANGER AND REFRIGERATION,EQ,KRN,2024-09-25,2024-09-27,220,209,11,2024-10-03,341.95,1309.95,2850.86,117.63,61.92,2024-09-25,220.0,102.4,428.12,101.07,151.95,480.0,478.79,117.63,25899.45,26004.15,26032.8,25871.35,26248.25,26178.95,26277.35,26151.4
ARKADE DEVELOPERS,EQ,ARKADE,2024-09-16,2024-09-19,128,121,7,2024-09-24,410.0,2376.41,3079.31,29.58,-13.69,2024-09-16,128.0,69.48,174.23,58.03,80.78,175.0,165.86,29.58,25406.65,25383.75,25445.7,25336.2,25487.05,25415.8,25611.95,25376.05
NORTHERN ARC CAPITAL,EQ,NORTHARC,2024-09-16,2024-09-19,263,249,14,2024-09-24,777.0,4242.86,5217.26,22.97,-19.62,2024-09-16,263.0,97.41,149.32,32.85,80.97,350.0,323.4,22.97,25406.65,25383.75,25445.7,25336.2,25487.05,25415.8,25611.95,25376.05
WESTERN CARRIERS (INDIA),EQ,WCIL,2024-09-13,2024-09-19,172,163,9,2024-09-24,492.88,1753.63,1625.57,-7.3,-23.91,2024-09-13,172.0,12.01,46.53,27.21,22.51,171.0,159.44,-7.3,25430.45,25356.5,25430.5,25292.45,25487.05,25415.8,25611.95,25376.05
P N GADGIL JEWELLERS,EQ,PNGJL,2024-09-10,2024-09-12,480,456,24,2024-09-17,1100.0,6514.0,10765.74,65.27,-23.21,2024-09-10,480.0,58.18,58.89,17.73,44.13,830.0,793.3,65.27,24999.4,25041.1,25130.5,24896.8,25059.65,25388.9,25433.35,24941.45
KROSS,EQ,KROSS,2024-09-09,2024-09-11,240,228,12,2024-09-16,500.0,1548.23,1676.02,8.25,-31.62,2024-09-09,240.0,10.44,23.36,11.48,12.74,240.0,259.81,8.25,24823.4,24936.4,24957.5,24753.15,25034.0,24918.45,25113.7,24885.15
BAJAJ HOUSING FINANCE,EQ,BAJAJHFL,2024-09-09,2024-09-11,70,66,4,2024-09-16,6560.0,58297.03,137414.42,135.71,-42.04,2024-09-09,70.0,89.67,42.85,7.54,49.63,150.0,165.0,135.71,24823.4,24936.4,24957.5,24753.15,25034.0,24918.45,25113.7,24885.15
BAAZAR STYLE RETAIL,EQ,STYLEBAAZA,2024-08-30,2024-09-03,389,370,19,2024-09-06,834.68,2902.55,2984.62,2.83,-31.19,2024-08-30,389.0,33.32,59.53,9.36,28.83,389.0,400.0,2.83,25249.7,25235.9,25268.35,25199.4,25313.4,25279.85,25321.7,25235.8
ECOS (INDIA) MOBILITY & HOSPITALITY,EQ,ECOSMOBLTY,2024-08-28,2024-08-30,334,318,16,2024-09-04,601.2,2004.0,2658.9,32.68,-48.14,2024-08-28,334.0,55.38,70.23,19.31,44.98,390.0,443.15,32.68,25030.8,25052.35,25129.6,24964.65,25249.7,25235.9,25268.35,25199.4
PREMIER ENERGIES,EQ,PREMIERENE,2024-08-27,2024-08-29,450,427,23,2024-09-03,2830.4,20284.33,37859.58,86.64,9.45,2024-08-27,450.0,85.49,50.73,7.59,52.82,990.0,839.9,86.64,25024.8,25017.75,25073.1,24973.65,25035.3,25151.95,25192.9,24998.5
INTERARCH BUILDING PRODUCTS,EQ,INTERARCH,2024-08-19,2024-08-21,900,850,50,2024-08-26,600.29,1497.43,1990.67,32.94,99.32,2024-08-19,900.0,79.44,127.48,20.4,65.75,1220.0,1196.45,32.94,24636.35,24572.65,24638.8,24522.95,24680.55,24770.2,24787.95,24654.5
BRAINBEES SOLUTIONS,EQ,FIRSTCRY,2024-08-06,2024-08-08,465,440,25,2024-08-13,4193.73,24141.75,35257.34,46.04,-57.22,2024-08-06,465.0,8.32,4.69,2.38,7.17,651.0,679.1,46.04,24189.85,23992.55,24382.6,23960.4,24248.55,24117.0,24340.5,24079.7
UNICOMMERCE ESOLUTIONS,EQ,UNIECOM,2024-08-06,2024-08-08,108,102,6,2024-08-13,276.57,1106.29,2151.93,94.52,-43.23,2024-08-06,108.0,55.83,254.2,136.56,93.66,235.0,210.08,94.52,24189.85,23992.55,24382.6,23960.4,24248.55,24117.0,24340.5,24079.7
OLA ELECTRIC MOBILITY,EQ,OLAELEC,2024-08-02,2024-08-06,76,72,4,2024-08-09,6145.56,33521.75,40226.1,20.0,-59.77,2024-08-02,76.0,2.84,2.2,3.86,2.85,76.0,91.2,20.0,24789.0,24717.7,24851.9,24686.85,24189.85,23992.55,24382.6,23960.4
CEIGALL INDIA,EQ,CEIGALL,2024-08-01,2024-08-05,401,380,21,2024-08-08,1252.66,6985.41,6737.17,-3.55,-39.31,2024-08-01,401.0,13.13,14.85,3.89,10.14,419.0,386.75,-3.55,25030.95,25010.9,25078.3,24956.4,24302.85,24055.6,24350.05,23893.7
AKUMS DRUGS AND PHARMACEUTICALS,EQ,AKUMS,2024-07-30,2024-08-01,679,646,33,2024-08-06,1856.74,10685.49,12530.67,17.27,-46.87,2024-07-30,679.0,36.57,42.15,21.02,35.54,725.0,796.25,17.27,24839.4,24857.3,24971.75,24798.65,25030.95,25010.9,25078.3,24956.4
SANSTAR,EQ,SANSTAR,2024-07-19,2024-07-23,95,90,5,2024-07-26,510.15,1731.32,2097.08,21.13,-19.27,2024-07-19,95.0,58.84,135.23,23.54,57.94,109.0,115.07,21.13,24853.8,24530.9,24854.8,24508.15,24568.9,24479.05,24582.55,24074.2
BANSAL WIRE INDUSTRIES,EQ,BANSALWIRE,2024-07-03,2024-07-05,256,243,13,2024-07-10,745.0,4007.83,5484.94,36.86,-8.79,2024-07-03,256.0,62.01,54.16,14.16,44.08,356.0,350.35,36.86,24291.75,24286.5,24309.15,24207.1,24213.35,24323.85,24363.0,24168.85
EMCURE PHARMACEUTICALS,EQ,EMCURE,2024-07-03,2024-07-05,1008,960,48,2024-07-10,1952.03,19029.89,25659.21,34.84,5.85,2024-07-03,1008.0,76.95,49.21,7.23,48.13,1325.05,1359.15,34.84,24291.75,24286.5,24309.15,24207.1,24213.35,24323.85,24363.0,24168.85
ALLIED BLENDERS AND DISTILLERS,EQ,ABDL,2024-06-25,2024-06-27,281,267,14,2024-07-02,1500.0,7859.59,8891.69,13.13,96.54,2024-06-25,281.0,21.76,34.06,4.73,17.61,320.0,317.9,13.13,23577.1,23721.3,23754.15,23562.05,23881.55,24044.5,24087.45,23805.4
STANLEY LIFESTYLES,EQ,STANLEY,2024-06-21,2024-06-25,369,351,18,2024-06-28,537.02,2103.94,2706.89,28.66,-52.71,2024-06-21,369.0,86.67,121.66,19.27,68.33,494.95,474.75,28.66,23661.15,23501.1,23667.1,23398.2,23577.1,23721.3,23754.15,23562.05
DEE DEVELOPMENT ENGINEERS,EQ,DEEDEV,2024-06-19,2024-06-21,203,193,10,2024-06-26,418.01,1401.69,2315.35,65.18,-35.13,2024-06-19,203.0,83.87,147.1,24.89,72.53,339.0,335.32,65.18,23629.85,23516.0,23664.0,23412.9,23661.15,23501.1,23667.1,23398.2
LE TRAVENUES TECHNOLOGY,EQ,IXIGO,2024-06-10,2024-06-12,93,88,5,2024-06-18,740.1,3603.04,6420.38,78.19,54.51,2024-06-10,93.0,43.1,110.89,54.44,54.4,138.1,165.72,78.19,23319.15,23259.2,23411.9,23227.15,23344.45,23322.95,23441.95,23295.95
KRONOX LAB SCIENCES,EQ,KRONOX,2024-06-03,2024-06-05,136,129,7,2024-06-10,130.15,504.61,561.57,11.29,-6.22,2024-06-03,136.0,35.53,304.26,54.9,82.62,151.35,151.35,11.29,23337.9,23263.9,23338.7,23062.3,22128.35,22620.35,22670.4,21791.95
AWFIS SPACE SOLUTIONS,EQ,AWFIS,2024-05-22,2024-05-27,383,364,19,2024-05-30,598.93,2658.7,2797.19,5.21,22.62,2024-05-22,383.0,47.18,130.09,53.74,60.05,421.0,402.95,5.21,22576.6,22597.8,22629.5,22483.15,23038.95,22932.45,23110.8,22871.2
GO DIGIT GENERAL INSURANCE,EQ,GODIGIT,2024-05-15,2024-05-17,272,258,14,2024-05-23,2614.65,24947.9,28066.39,12.5,11.76,2024-05-15,272.0,5.61,7.23,4.08,5.7,286.0,306.0,12.5,22255.6,22200.55,22297.55,22151.75,22415.25,22466.1,22502.15,22345.65
TBO TEK,EQ,TBOTEK,2024-05-08,2024-05-10,920,875,45,2024-05-15,1550.81,9990.08,15270.7,52.86,17.98,2024-05-08,920.0,50.73,50.59,25.94,48.14,1426.0,1406.3,52.86,22231.2,22302.5,22368.65,22185.2,21990.95,22055.2,22131.3,21950.3
AADHAR HOUSING FINANCE,EQ,AADHARHFC,2024-05-08,2024-05-10,315,300,15,2024-05-15,3000.0,13434.78,14051.08,4.59,48.4,2024-05-08,315.0,31.13,17.31,2.52,19.0,315.0,329.45,4.59,22231.2,22302.5,22368.65,22185.2,21990.95,22055.2,22131.3,21950.3
INDEGENE,EQ,INDGN,2024-05-06,2024-05-08,452,430,22,2024-05-13,1841.76,10814.07,13658.74,26.31,-7.79,2024-05-06,452.0,77.5,56.44,8.25,49.75,655.0,570.9,26.31,22561.6,22442.7,22588.8,22409.45,22231.2,22302.5,22368.65,22185.2
JNK INDIA,EQ,JNKINDIA,2024-04-23,2024-04-25,415,395,20,2024-04-30,649.47,2323.46,3888.57,67.36,-66.22,2024-04-23,415.0,31.58,19.92,4.17,20.24,621.0,694.55,67.36,22447.05,22368.0,22447.55,22349.45,22316.9,22570.35,22625.95,22305.25
BHARTI HEXACOM,EQ,BHARTIHEXA,2024-04-03,2024-04-05,570,542,28,2024-04-12,4275.0,28500.0,40665.0,42.68,106.98,2024-04-03,570.0,20.07,10.28,2.74,16.87,755.0,813.3,42.68,22385.7,22434.65,22521.1,22346.5,22486.4,22513.7,22537.6,22427.6
KRYSTAL INTEGRATED SERVICES,EQ,KRYSTAL,2024-03-14,2024-03-18,715,680,35,2024-03-21,300.12,998.99,995.99,-0.3,-27.17,2024-03-14,715.0,3.54,45.38,3.32,9.74,785.0,712.85,-0.3,21982.55,22146.65,22204.6,21917.5,21990.1,22055.7,22123.7,21916.55
POPULAR VEHICLES AND SERVICES,EQ,PVSL,2024-03-12,2024-03-14,295,280,15,2024-03-19,601.55,2100.39,1966.18,-6.39,-55.14,2024-03-12,295.0,1.52,0.66,1.03,1.22,289.2,276.15,-6.39,22334.45,22335.7,22452.55,22256.0,21982.55,22146.65,22204.6,21917.5
GOPAL SNACKS,EQ,GOPAL,2024-03-06,2024-03-11,401,381,20,2024-03-14,650.0,4996.64,4519.4,-9.55,-13.48,2024-03-06,401.0,7.99,9.95,4.08,6.88,351.0,362.7,-9.55,22327.5,22474.05,22497.2,22224.35,22517.5,22332.65,22526.6,22307.25
J G CHEMICALS,EQ,JGCHEM,2024-03-05,2024-03-07,221,210,11,2024-03-13,251.19,866.01,724.16,-16.38,98.76,2024-03-05,221.0,13.41,47.72,17.59,20.02,209.0,184.8,-16.38,22371.25,22356.3,22416.9,22269.15,22505.3,22493.55,22525.65,22430.0
R K SWAMY,EQ,RKSWAMY,2024-03-04,2024-03-06,288,270,18,2024-03-12,423.56,1453.37,1325.19,-8.82,-56.66,2024-03-04,288.0,8.85,34.16,33.33,14.81,250.0,262.6,-8.82,22403.5,22405.6,22440.9,22358.3,22327.5,22474.05,22497.2,22224.35
EXICOM TELESYSTEMS,EQ,EXICOM,2024-02-27,2024-02-29,142,135,7,2024-03-05,429.0,1715.71,2717.95,58.42,-50.56,2024-02-27,142.0,56.23,158.82,121.61,78.16,265.0,224.95,58.42,22090.2,22198.35,22218.25,22085.65,21935.2,21982.8,22060.55,21860.65
GPT HEALTHCARE,EQ,GPTHEALTH,2024-02-22,2024-02-26,186,177,9,2024-02-29,525.14,1526.22,1646.84,7.9,-30.37,2024-02-22,186.0,7.57,11.03,2.35,6.26,215.0,200.7,7.9,22081.55,22217.45,22252.5,21875.25,22169.2,22122.05,22202.15,22075.15
JUNIPER HOTELS,EQ,JUNIPER,2024-02-21,2024-02-23,360,342,18,2024-02-28,1800.0,8010.09,8933.47,11.53,-34.9,2024-02-21,360.0,1.9,0.88,1.29,1.68,365.0,401.5,11.53,22248.85,22055.05,22249.4,21997.95,22290.0,22212.7,22297.5,22186.1
ENTERO HEALTHCARE SOLUTIONS,EQ,ENTERO,2024-02-09,2024-02-13,1258,1195,63,2024-02-16,1600.0,5978.88,5463.45,-8.62,-13.32,2024-02-09,1258.0,1.53,0.21,1.32,1.31,1228.7,1149.55,-8.62,21727.0,21782.5,21804.45,21629.9,21664.3,21743.25,21766.8,21543.35
RASHI PERIPHERALS,EQ,RPTECH,2024-02-07,2024-02-09,311,295,16,2024-02-14,600.0,2049.48,2118.67,3.38,7.23,2024-02-07,311.0,61.02,65.97,10.98,44.25,339.5,321.5,3.38,22045.05,21930.5,22053.3,21860.15,21727.0,21782.5,21804.45,21629.9
JANA SMALL FINANCE BANK,EQ,JSFB,2024-02-07,2024-02-09,414,393,21,2024-02-14,570.0,4330.04,3850.49,-11.07,17.91,2024-02-07,414.0,16.59,26.18,5.81,13.94,396.0,368.15,-11.07,22045.05,21930.5,22053.3,21860.15,21727.0,21782.5,21804.45,21629.9
CAPITAL SMALL FINANCE BANK,EQ,CAPITALSFB,2024-02-07,2024-02-09,468,445,23,2024-02-14,523.07,2104.41,1956.02,-7.05,-39.61,2024-02-07,468.0,3.4,4.11,2.62,3.23,430.25,435.0,-7.05,22045.05,21930.5,22053.3,21860.15,21727.0,21782.5,21804.45,21629.9
APEEJAY SURRENDRA PARK HOTELS,EQ,PARKHOTELS,2024-02-05,2024-02-07,155,147,8,2024-02-12,920.0,3307.26,4343.18,31.32,-35.13,2024-02-05,155.0,32.47,54.14,31.25,35.19,186.0,203.55,31.32,21921.05,21771.7,21964.3,21726.95,22045.05,21930.5,22053.3,21860.15
BLS E- SERVICES,EQ,BLSE,2024-01-30,2024-02-01,135,129,6,2024-02-06,309.29,1211.71,3285.09,171.11,-40.64,2024-01-30,135.0,49.54,298.02,226.49,94.98,305.0,366.0,171.11,21775.75,21522.1,21813.05,21501.8,21780.65,21697.45,21832.95,21658.75
EPACK DURABLE,EQ,EPACK,2024-01-19,2024-01-24,230,218,12,2024-01-30,640.05,2203.37,1988.78,-9.74,23.07,2024-01-19,230.0,10.89,29.06,6.44,12.06,221.0,207.6,-9.74,21615.2,21622.4,21670.6,21575.0,21185.25,21453.95,21482.35,21137.2
MEDI ASSIST HEALTHCARE SERVICES,EQ,MEDIASSIST,2024-01-15,2024-01-17,418,397,21,2024-01-23,1171.58,2878.32,3195.76,11.03,1.11,2024-01-15,418.0,16.68,14.76,3.07,11.63,460.0,464.1,11.03,22053.15,22097.45,22115.55,21963.55,21647.25,21571.95,21851.5,21550.45
JYOTI CNC AUTOMATION,EQ,JYOTICNC,2024-01-09,2024-01-11,331,315,16,2024-01-16,1000.0,7527.47,9874.4,31.18,120.57,2024-01-09,331.0,19.08,38.31,26.48,22.59,370.0,434.2,31.18,21653.6,21544.85,21724.45,21517.85,21688.0,21647.2,21726.5,21593.75
INNOVA CAPTAB,EQ,INNOVACAP,2023-12-21,2023-12-26,448,426,22,2023-12-29,570.0,2563.68,3098.16,20.85,33.25,2023-12-21,448.0,46.93,65.01,17.02,39.17,452.1,541.4,20.85,21033.95,21255.05,21288.35,20976.8,21365.2,21441.35,21477.15,21329.45
AZAD ENGINEERING,EQ,AZAD,2023-12-20,2023-12-22,524,499,25,2023-12-28,740.0,3097.52,4004.91,29.29,137.33,2023-12-20,524.0,72.25,90.49,23.95,57.77,720.0,677.5,29.29,21543.5,21150.15,21593.0,21087.35,21295.85,21349.4,21390.5,21232.45
CREDO BRANDS MARKETING,EQ,MUFTI,2023-12-19,2023-12-21,280,266,14,2023-12-27,549.78,1800.45,2007.5,11.5,-68.62,2023-12-19,280.0,43.39,52.27,19.47,36.35,282.35,312.2,11.5,21477.65,21453.1,21505.05,21337.75,21033.95,21255.05,21288.35,20976.8
HAPPY FORGING,EQ,HAPPYFORGE,2023-12-19,2023-12-21,850,808,42,2023-12-27,1008.59,8007.41,9710.64,21.27,4.01,2023-12-19,850.0,86.32,63.14,15.02,57.89,1000.0,1030.8,21.27,21477.65,21453.1,21505.05,21337.75,21033.95,21255.05,21288.35,20976.8
SURAJ ESTATE DEVELOPERS,EQ,SURAJEST,2023-12-18,2023-12-20,360,340,20,2023-12-26,400.0,1597.0,1483.88,-7.08,-21.14,2023-12-18,360.0,10.92,19.89,9.54,11.78,340.0,334.5,-7.08,21434.8,21418.65,21482.8,21365.35,21543.5,21150.15,21593.0,21087.35
MUTHOOT MICROFIN,EQ,MUTHOOTMF,2023-12-18,2023-12-20,291,277,14,2023-12-26,960.0,4159.96,3804.72,-8.54,-34.22,2023-12-18,291.0,7.98,13.59,7.82,8.68,275.3,266.15,-8.54,21434.8,21418.65,21482.8,21365.35,21543.5,21150.15,21593.0,21087.35
INOX INDIA,EQ,INOXINDIA,2023-12-14,2023-12-18,660,627,33,2023-12-21,1459.32,5990.39,8531.32,42.42,21.39,2023-12-14,660.0,59.58,52.74,14.68,42.84,949.65,939.95,42.42,21110.4,21182.7,21210.9,21074.45,21434.8,21418.65,21482.8,21365.35
DOMS INDUSTRIES,EQ,DOMS,2023-12-13,2023-12-15,790,750,40,2023-12-20,1200.0,4793.77,8046.55,67.85,93.95,2023-12-13,790.0,49.34,69.44,70.14,54.19,1400.0,1326.05,67.85,20929.75,20926.35,20950.0,20769.5,21287.45,21456.65,21492.3,21235.3
INDIA SHELTER FINANCE CORPORATION,EQ,INDIASHLTR,2023-12-13,2023-12-15,493,469,24,2023-12-20,1200.0,5277.62,5831.08,10.49,57.87,2023-12-13,493.0,38.26,29.76,10.07,27.12,620.0,544.7,10.49,20929.75,20926.35,20950.0,20769.5,21287.45,21456.65,21492.3,21235.3
FLAIR WRITING INDUSTRIES,EQ,FLAIR,2023-11-22,2023-11-24,304,288,16,2023-12-01,593.0,3204.02,4752.28,48.32,-33.63,2023-11-22,304.0,49.32,35.58,13.37,34.68,501.0,450.9,48.32,19784.0,19811.85,19825.55,19703.85,19809.6,19794.7,19832.85,19768.85
FEDBANK FINANCIAL SERVICES,EQ,FEDFINA,2023-11-22,2023-11-24,140,133,7,2023-11-30,1092.26,5115.46,5124.59,0.18,1.73,2023-11-22,140.0,2.03,1.51,1.8,1.85,138.0,140.25,0.18,19784.0,19811.85,19825.55,19703.85,19809.6,19794.7,19832.85,19768.85
GANDHAR OIL REFINERY (INDIA),EQ,GANDHAR,2023-11-22,2023-11-24,169,160,9,2023-11-30,500.69,1654.0,2949.8,78.34,-58.65,2023-11-22,169.0,52.11,64.99,29.09,45.99,298.0,301.4,78.34,19784.0,19811.85,19825.55,19703.85,19809.6,19794.7,19832.85,19768.85
TATA TECHNOLOGIES,EQ,TATATECH,2023-11-22,2023-11-24,500,475,25,2023-11-30,3042.51,20283.43,53264.28,162.6,-49.73,2023-11-22,500.0,81.79,62.87,16.01,51.18,1200.0,1313.0,162.6,19784.0,19811.85,19825.55,19703.85,19809.6,19794.7,19832.85,19768.85
ASK AUTOMOTIVE,EQ,ASKAUTOLTD,2023-11-07,2023-11-09,282,268,14,2023-11-15,833.91,5559.42,6113.39,9.96,50.16,2023-11-07,282.0,57.55,35.43,5.55,36.03,303.3,310.1,9.96,19404.05,19406.7,19423.5,19329.1,19457.4,19395.3,19463.9,19378.35
PROTEAN EGOV TECHNOLOGIES,EQ,PROTEAN,2023-11-06,2023-11-08,792,752,40,2023-11-13,489.95,3203.38,3571.45,11.49,-12.6,2023-11-06,792.0,19.37,31.98,8.7,17.11,792.0,883.0,11.49,19345.85,19411.75,19423.0,19309.7,19449.6,19443.5,19464.4,19401.5
HONASA CONSUMER,EQ,HONASA,2023-10-31,2023-11-02,324,308,16,2023-11-07,1701.44,10424.63,10846.12,4.04,-22.44,2023-10-31,324.0,5.22,4.02,1.31,4.65,330.0,337.1,4.04,19232.95,19079.6,19233.7,19056.45,19120.0,19133.25,19175.25,19064.15
CELLO WORLD,EQ,CELLO,2023-10-30,2023-11-01,648,617,31,2023-11-06,1900.0,13752.57,16802.33,22.18,-27.89,2023-10-30,648.0,49.78,24.45,3.17,29.5,829.0,791.7,22.18,19053.4,19140.9,19158.5,18940.0,19064.05,18989.15,19096.05,18973.7
BLUE JET HEALTHCARE,EQ,BLUEJET,2023-10-25,2023-10-27,346,329,17,2023-11-01,840.27,6001.9,7171.06,19.48,35.11,2023-10-25,346.0,6.2,13.48,2.25,5.91,380.0,413.4,19.48,19286.45,19122.15,19347.3,19074.15,18928.75,19047.25,19076.15,18926.65
IRM ENERGY LIMITED,EQ,IRMENERGY,2023-10-18,2023-10-20,505,480,25,2023-10-26,545.0,2073.51,1942.74,-6.31,-40.05,2023-10-18,505.0,18.33,48.98,9.07,19.3,477.25,473.15,-6.31,19820.45,19671.1,19840.95,19659.95,19542.15,19542.65,19593.8,19518.7
UPDATER SERVICES,EQ,UDS,2023-09-25,2023-09-27,300,280,20,2023-10-04,640.0,2001.08,1893.69,-5.37,-39.06,2023-09-25,300.0,2.44,0.87,1.39,2.1,285.0,283.9,-5.37,19678.2,19674.55,19734.15,19601.55,19637.05,19716.45,19730.7,19554.0
JSW INFRASTRUCTURE,EQ,JSWINFRA,2023-09-25,2023-09-27,119,113,6,2023-10-03,2800.0,24990.02,33033.02,32.18,74.35,2023-09-25,119.0,24.64,16.74,10.44,22.03,143.0,157.3,32.18,19678.2,19674.55,19734.15,19601.55,19637.05,19716.45,19730.7,19554.0
MANOJ VAIBHAV GEMS N JEWELLERS,EQ,MVGJL,2023-09-22,2023-09-26,215,204,11,2023-10-03,270.2,1050.22,1052.66,0.23,-15.25,2023-09-22,215.0,1.04,5.35,1.67,1.91,215.0,215.5,0.23,19744.85,19674.25,19798.65,19657.5,19682.8,19664.7,19699.35,19637.45
SIGNATUREGLOBAL (INDIA),EQ,SIGNATURE,2023-09-20,2023-09-22,385,366,19,2023-09-27,730.0,4982.71,5934.61,19.1,144.79,2023-09-20,385.0,6.19,14.23,6.97,7.47,444.0,458.55,19.1,19980.75,19901.4,20050.65,19878.85,19744.85,19674.25,19798.65,19657.5
SAI SILKS (KALAMANDIR),EQ,KALAMANDIR,2023-09-20,2023-09-22,222,210,12,2023-09-27,1201.0,3404.73,3755.94,10.32,-38.03,2023-09-20,222.0,5.51,2.56,0.87,3.45,231.0,244.9,10.32,19980.75,19901.4,20050.65,19878.85,19744.85,19674.25,19798.65,19657.5
YATRA ONLINE,EQ,YATRA,2023-09-15,2023-09-20,142,135,7,2023-09-28,775.0,2190.9,2096.78,-4.3,30.09,2023-09-15,142.0,1.46,0.42,2.08,1.37,127.5,135.9,-4.3,20156.45,20192.35,20222.45,20129.7,19980.75,19901.4,20050.65,19878.85
ZAGGLE PREPAID OCEAN SERVICES,EQ,ZAGGLE,2023-09-14,2023-09-18,164,156,8,2023-09-22,563.38,2002.39,1933.4,-3.45,119.89,2023-09-14,164.0,7.45,9.13,5.94,7.55,164.0,158.35,-3.45,20127.95,20103.1,20167.65,20043.45,20155.95,20133.3,20195.35,20115.7
SAMHI HOTELS,EQ,SAMHI,2023-09-14,2023-09-18,126,119,7,2023-09-22,1370.1,2747.25,3126.63,13.81,24.58,2023-09-14,126.0,4.32,1.26,1.11,3.54,134.5,143.4,13.81,20127.95,20103.1,20167.65,20043.45,20155.95,20133.3,20195.35,20115.7
R R KABEL,EQ,RRKABEL,2023-09-13,2023-09-15,1035,983,52,2023-09-20,1964.01,10084.57,11673.25,15.75,18.86,2023-09-13,1035.0,21.62,12.98,2.05,13.4,1180.0,1198.05,15.75,19989.5,20070.0,20096.9,19944.1,20156.45,20192.35,20222.45,20129.7
EMS,EQ,EMSLIMITED,2023-09-08,2023-09-12,211,200,11,2023-09-21,321.25,1171.7,1554.31,32.65,47.61,2023-09-08,211.0,60.31,83.76,29.28,52.97,282.05,279.9,32.65,19774.8,19819.95,19867.15,19727.05,20110.15,19993.2,20110.35,19914.65
JUPITER LIFE LINE HOSPITALS,EQ,JLHL,2023-09-06,2023-09-08,735,695,40,2023-09-18,869.08,4819.1,7053.26,46.36,31.89,2023-09-06,735.0,75.72,36.44,7.66,46.01,973.0,1075.75,46.36,19581.2,19611.05,19636.45,19491.5,19774.8,19819.95,19867.15,19727.05
RISHABH INSTRUMENTS,EQ,RISHABH,2023-08-30,2023-09-01,441,418,23,2023-09-11,490.78,1674.1,1682.26,0.49,-9.59,2023-08-30,441.0,29.51,31.39,8.16,22.32,460.05,443.15,0.49,19433.45,19347.45,19452.8,19334.75,19258.15,19435.3,19458.55,19255.7
VISHNU PRAKASH R PUNGLIA,EQ,VPRPL,2023-08-24,2023-08-28,99,94,5,2023-09-05,308.61,1233.98,1816.06,47.17,-50.02,2023-08-24,99.0,69.2,111.9,31.02,61.76,165.0,145.7,47.17,19535.15,19386.7,19584.45,19369.0,19298.35,19306.05,19366.85,19249.7
AEROFLEX INDUSTRIES,EQ,AEROFLEX,2023-08-22,2023-08-24,108,102,6,2023-08-31,351.0,1396.66,2111.16,51.16,7.89,2023-08-22,108.0,76.9,131.4,34.55,69.39,190.0,163.25,51.16,19417.1,19396.45,19443.5,19381.3,19535.15,19386.7,19584.45,19369.0
TVS SUPPLY CHAIN SOLUTIONS,EQ,TVSSCS,2023-08-10,2023-08-14,197,187,10,2023-08-23,880.0,8616.98,8791.94,2.03,-45.55,2023-08-10,197.0,1.16,2.38,7.53,1.98,207.05,201.0,2.03,19605.55,19543.1,19623.6,19495.4,19383.95,19434.55,19465.85,19257.9
CONCORD BIOTECH,EQ,CONCORDBIO,2023-08-04,2023-08-08,741,705,36,2023-08-18,1550.52,7752.06,9863.22,27.23,45.29,2023-08-04,741.0,27.62,16.94,3.7,17.64,900.05,942.8,27.23,19462.8,19517.0,19538.85,19436.45,19627.2,19570.85,19634.4,19533.1
SBFC FINANCE,EQ,SBFC,2023-08-03,2023-08-07,57,54,3,2023-08-16,1025.0,6066.15,9812.27,61.75,14.24,2023-08-03,57.0,82.0,52.08,11.15,52.23,82.0,92.2,61.75,19463.75,19381.65,19537.65,19296.45,19576.85,19597.3,19620.45,19524.8
YATHARTH HOSPITAL AND TRAUMA CARE SERVICES,EQ,YATHARTH,2023-07-26,2023-07-28,300,285,15,2023-08-07,686.55,2575.51,2575.51,0.0,133.5,2023-07-26,300.0,35.04,38.54,8.38,26.24,306.1,300.0,0.0,19733.35,19778.3,19825.6,19716.7,19659.75,19646.05,19695.9,19563.1
NETWEB TECHNOLOGIES INDIA,EQ,NETWEB,2023-07-17,2023-07-19,500,475,25,2023-07-27,631.0,2752.2,5011.2,82.08,251.58,2023-07-17,500.0,88.64,84.21,18.74,63.41,947.0,910.4,82.08,19612.15,19711.45,19731.85,19562.95,19802.95,19833.15,19851.7,19727.45
UTKARSH SMALL FINANCE BANK,EQ,UTKARSHBNK,2023-07-12,2023-07-14,25,23,2,2023-07-21,500.0,2738.8,5258.5,92.0,-68.6,2023-07-12,25.0,54.91,88.11,76.14,61.41,40.0,48.0,92.0,19497.45,19384.3,19507.7,19361.75,19493.45,19564.5,19595.35,19433.5
SENCO GOLD,EQ,SENCO,2023-07-04,2023-07-06,317,301,16,2023-07-14,405.0,2461.92,3147.69,27.85,-22.98,2023-07-04,317.0,76.81,68.13,15.73,54.13,430.0,405.3,27.85,19406.6,19389.0,19434.15,19300.0,19385.7,19497.3,19512.2,19373.0
CYIENT DLM,EQ,CYIENTDLM,2023-06-27,2023-06-30,265,250,15,2023-07-10,592.0,2100.95,3334.56,58.72,1.84,2023-06-27,265.0,39.02,47.07,50.38,40.27,403.0,420.6,58.72,18748.55,18817.4,18829.25,18714.25,19076.85,19189.05,19201.7,19024.6
IDEAFORGE TECHNOLOGY,EQ,IDEAFORGE,2023-06-26,2023-06-30,672,638,34,2023-07-07,567.24,2800.27,5396.14,92.7,-67.15,2023-06-26,672.0,51.13,78.41,82.03,58.23,1300.0,1294.95,92.7,18682.35,18691.2,18722.05,18646.7,19076.85,19189.05,19201.7,19024.6
HMA AGRO INDUSTRIES,EQ,HMAAGRO,2023-06-20,2023-06-23,585,555,30,2023-07-04,480.0,2929.5,2932.76,0.11,-95.04,2023-06-20,585.0,1.35,3.13,0.96,1.48,625.0,585.65,0.11,18752.35,18816.7,18839.7,18660.65,18741.85,18665.5,18756.4,18647.1
IKIO LIGHTING,EQ,IKIO,2023-06-06,2023-06-08,285,270,15,2023-06-16,606.5,2202.5,3120.98,41.7,-56.08,2023-06-06,285.0,66.57,61.16,13.77,47.28,392.5,403.85,41.7,18600.8,18599.0,18622.75,18531.6,18725.35,18634.55,18777.9,18615.6
MANKIND PHARMA,EQ,MANKIND,2023-04-25,2023-04-27,1080,1026,54,2023-05-09,4326.36,43263.55,43263.55,0.0,101.74,2023-04-25,1080.0,20.32,3.59,0.89,11.01,1300.0,1080.0,0.0,17761.55,17769.25,17807.45,17716.85,17813.1,17915.05,17931.6,17797.9
AVALON TECHNOLOGIES,EQ,AVALON,2023-04-03,2023-04-06,436,415,21,2023-04-18,865.0,2846.76,2598.32,-8.73,118.81,2023-04-03,436.0,2.12,0.37,0.84,1.73,396.0,397.95,-8.73,17427.95,17398.05,17428.05,17312.75,17533.85,17599.15,17638.7,17502.85
DIVGI TORQTRANSFER SYSTEMS,EQ,DIVGIITTS,2023-03-01,2023-03-03,590,560,30,2023-03-14,412.12,1804.39,1850.88,2.58,-1.93,2023-03-01,590.0,3.76,1.37,4.17,3.44,620.0,605.2,2.58,17360.1,17450.9,17467.75,17345.25,17451.25,17594.35,17644.75,17427.7
RADIANT CASH MANAGEMENT SERVICES,EQ,RADIANTCMS,2022-12-23,2022-12-27,99,94,5,2023-01-04,256.64,1003.05,1119.37,11.6,-49.81,2022-12-23,94.0,1.68,1.07,0.3,1.1,103.0,104.9,11.6,17977.65,17806.8,18050.45,17779.5,18089.8,18132.3,18149.25,17967.45
ELIN ELECTRONICS,EQ,ELIN,2022-12-20,2022-12-22,247,234,13,2022-12-30,475.0,1226.58,1130.49,-7.83,-25.06,2022-12-20,247.0,2.53,3.35,2.26,2.56,244.0,227.65,-7.83,18340.3,18385.3,18404.9,18202.65,18288.8,18127.35,18318.75,18068.6
KFIN TECHNOLOGIES,EQ,KFINTECH,2022-12-19,2022-12-21,366,347,19,2022-12-29,1500.0,6133.02,6096.99,-0.59,189.05,2022-12-19,366.0,2.41,0.12,1.38,1.96,367.0,363.85,-0.59,18288.1,18420.45,18431.65,18244.55,18435.15,18199.1,18473.35,18162.75
LANDMARK CARS,EQ,LANDMARK,2022-12-13,2022-12-15,506,481,25,2022-12-23,552.0,2003.36,1814.9,-9.41,13.11,2022-12-13,506.0,4.34,1.34,0.59,2.58,471.0,458.4,-9.41,18524.4,18608.0,18617.25,18490.2,18614.4,18414.9,18652.9,18387.7
ABANS HOLDINGS,EQ,AHL,2022-12-12,2022-12-15,270,256,14,2022-12-23,345.6,1353.94,1095.19,-19.11,-7.72,2022-12-12,270.0,4.09,1.47,0.39,1.08,273.0,218.4,-19.11,18402.15,18497.15,18521.55,18345.7,18614.4,18414.9,18652.9,18387.7
SULA VINEYARDS,EQ,SULA,2022-12-12,2022-12-14,357,340,17,2022-12-22,960.35,3005.9,2788.24,-7.24,-34.88,2022-12-12,357.0,2.33,1.45,1.58,1.93,358.0,331.15,-7.24,18402.15,18497.15,18521.55,18345.7,18671.25,18660.3,18696.1,18632.9
UNIPARTS INDIA,EQ,UNIPARTS,2022-11-30,2022-12-02,577,548,29,2022-12-12,835.61,2604.22,2435.64,-6.47,-9.31,2022-11-30,577.0,26.93,19.55,4.63,17.98,575.0,539.65,-6.47,18625.7,18758.35,18816.05,18616.55,18752.4,18696.1,18781.95,18639.2
DHARMAJ CROP GUARD,EQ,DHARMAJ,2022-11-28,2022-11-30,237,216,21,2022-12-08,251.09,801.0,900.02,12.36,-10.78,2022-11-28,237.0,19.61,60.64,22.62,26.69,266.05,266.3,12.36,18430.55,18562.75,18614.25,18365.6,18625.7,18758.35,18816.05,18616.55
KEYSTONE REALTORS,EQ,RUSTOMJEE,2022-11-14,2022-11-16,541,514,27,2022-11-24,635.0,6160.77,6341.26,2.93,-3.16,2022-11-14,541.0,2.36,2.82,0.53,1.79,555.0,556.85,2.93,18376.4,18329.15,18399.45,18311.4,18398.25,18409.65,18442.15,18344.15
INOX GREEN ENERGY SERVICES,EQ,INOXGREEN,2022-11-11,2022-11-15,65,61,4,2022-11-23,740.0,1897.61,1725.36,-9.08,245.23,2022-11-11,65.0,1.1,0.49,4.91,1.39,60.0,59.1,-9.08,18272.35,18349.7,18362.3,18259.35,18362.75,18403.4,18427.95,18282.0
KAYNES TECHNOLOGY INDIA,EQ,KAYNES,2022-11-10,2022-11-14,587,559,28,2022-11-22,857.82,3412.96,4011.54,17.54,518.23,2022-11-10,587.0,40.45,20.67,4.21,24.76,778.0,689.95,17.54,18044.35,18028.2,18103.1,17969.4,18376.4,18329.15,18399.45,18311.4
FIVESTAR BUSINESS FINANCE,EQ,FIVESTAR,2022-11-09,2022-11-11,474,450,24,2022-11-21,1588.51,13810.75,14276.94,3.38,15.73,2022-11-09,474.0,1.68,0.82,0.14,1.01,468.8,490.0,3.38,18288.25,18157.0,18296.4,18117.5,18272.35,18349.7,18362.3,18259.35
ARCHEAN CHEMICAL INDUSTRIES,EQ,ACI,2022-11-09,2022-11-11,407,386,21,2022-11-21,1462.3,5008.26,5637.67,12.57,6.83,2022-11-09,407.0,20.35,13.77,10.06,18.34,450.0,458.15,12.57,18288.25,18157.0,18296.4,18117.5,18272.35,18349.7,18362.3,18259.35
BIKAJI FOODS INTERNATIONAL,EQ,BIKAJI,2022-11-03,2022-11-07,300,285,15,2022-11-16,880.86,7485.3,7920.69,5.82,129.71,2022-11-03,300.0,30.19,7.06,4.64,17.63,322.8,317.45,5.82,17968.35,18052.7,18106.3,17959.2,18211.75,18202.8,18255.5,18064.75
GLOBAL HEALTH,EQ,MEDANTA,2022-11-03,2022-11-07,336,319,17,2022-11-16,2205.57,9011.01,11137.72,23.6,177.49,2022-11-03,336.0,12.42,3.95,0.87,7.11,401.0,415.3,23.6,17968.35,18052.7,18106.3,17959.2,18211.75,18202.8,18255.5,18064.75
FUSION MICRO FINANCE,EQ,FUSION,2022-11-02,2022-11-04,368,350,18,2022-11-15,1103.99,3703.21,3268.49,-11.74,-51.17,2022-11-02,368.0,4.03,1.04,0.5,2.35,359.5,324.8,-11.74,18177.9,18082.85,18178.75,18048.65,18053.4,18117.15,18135.1,18017.15
TRACXN TECHNOLOGIES,EQ,TRACXN,2022-10-10,2022-10-12,80,75,5,2022-10-20,309.38,802.48,935.39,16.56,-56.41,2022-10-10,80.0,1.37,0.71,4.64,1.6,84.5,93.25,16.56,17094.35,17241.0,17280.15,17064.7,17025.55,17123.6,17142.35,16960.05
ELECTRONICS MART INDIA,EQ,EMIL,2022-10-04,2022-10-07,59,56,3,2022-10-17,500.0,2270.02,3251.13,43.22,30.08,2022-10-04,59.0,71.85,66.93,20.33,53.08,90.0,84.5,43.22,17147.45,17274.3,17287.3,17117.3,17287.2,17314.65,17337.35,17216.95
HARSHA ENGINEERS INTERNATIONAL,EQ,HARSHA,2022-09-14,2022-09-16,330,314,16,2022-09-26,755.0,3004.46,4429.3,47.42,-23.29,2022-09-14,330.0,76.81,69.41,17.95,54.91,450.0,486.5,47.42,17771.15,18003.75,18091.55,17771.15,17796.8,17530.85,17820.05,17497.25
DREAMFOLKS SERVICES,EQ,DREAMFOLKS,2022-08-24,2022-08-26,326,308,18,2022-09-06,562.1,1703.35,2416.04,41.84,-75.77,2022-08-24,326.0,28.84,36.57,35.33,30.65,508.7,462.4,41.84,17525.45,17604.95,17623.65,17499.25,17619.3,17558.9,17685.85,17519.35
SYRMA SGS TECHNOLOGY,EQ,SYRMA,2022-08-12,2022-08-18,220,209,11,2022-08-26,840.13,3877.04,5471.91,41.14,137.94,2022-08-12,220.0,39.83,17.68,4.37,24.1,260.0,310.5,41.14,17659.65,17698.15,17724.65,17597.85,17898.65,17956.5,17968.45,17852.05
AETHER INDUSTRIES,EQ,AETHER,2022-05-24,2022-05-26,642,610,32,2022-06-03,808.04,7991.79,9639.94,20.62,11.67,2022-05-24,642.0,8.34,2.48,0.59,4.72,704.0,774.4,20.62,16225.55,16125.15,16262.8,16078.6,16105.0,16170.15,16204.45,15903.7
EMUDHRA,EQ,EMUDHRA,2022-05-20,2022-05-24,256,243,13,2022-06-01,412.79,1998.65,2013.49,0.74,140.6,2022-05-20,256.0,2.17,0.7,1.45,1.7,270.0,257.9,0.74,16043.8,16266.15,16283.05,16003.85,16225.55,16125.15,16262.8,16078.6
ETHOS,EQ,ETHOSLTD,2022-05-18,2022-05-20,878,836,42,2022-05-30,402.26,2050.06,1875.18,-8.53,279.78,2022-05-18,878.0,1.37,1.93,0.24,1.06,825.0,803.1,-8.53,16318.15,16240.3,16399.8,16211.2,16043.8,16266.15,16283.05,16003.85
PARADEEP PHOSPHATES,EQ,PARADEEP,2022-05-17,2022-05-19,42,39,3,2022-05-27,1501.73,3420.89,3575.64,4.52,255.99,2022-05-17,42.0,1.99,0.67,0.86,1.39,44.0,43.9,4.52,15912.6,16259.3,16284.25,15900.8,15917.4,15809.4,15984.75,15775.2
DELHIVERY,EQ,DELHIVERY,2022-05-11,2022-05-13,487,462,25,2022-05-24,5235.0,35284.04,38859.54,10.13,-23.13,2022-05-11,487.0,1.73,0.04,0.27,1.33,495.2,536.35,10.13,16270.05,16167.1,16318.75,15992.6,15977.0,15782.15,16083.6,15740.85
VENUS PIPES AND TUBES,EQ,VENUSPIPES,2022-05-11,2022-05-13,326,310,16,2022-05-24,165.42,661.65,719.19,8.7,253.92,2022-05-11,326.0,5.36,14.76,13.33,9.56,337.5,354.35,8.7,16270.05,16167.1,16318.75,15992.6,15977.0,15782.15,16083.6,15740.85
PRUDENT CORPORATE ADVISORY SERVICES,EQ,PRUDENT,2022-05-10,2022-05-12,630,595,35,2022-05-20,428.28,2608.62,2326.02,-10.83,366.03,2022-05-10,630.0,1.57,0.74,0.37,1.03,650.0,561.75,-10.83,16248.9,16240.05,16404.55,16197.3,16021.1,15808.0,16041.95,15735.75
LIFE INSURANCE CORPORATION OF INDIA,EQ,LICI,2022-05-04,2022-05-09,949,902,47,2022-05-17,20557.23,600242.28,553595.42,-7.77,-0.87,2022-05-04,949.0,1.73,2.43,1.61,2.05,872.0,875.25,-7.77,17096.6,16677.6,17132.85,16623.95,16227.7,16301.85,16403.7,16142.1
RAINBOW CHILDRENS MEDICARE,EQ,RAINBOW,2022-04-27,2022-04-29,542,516,26,2022-05-10,1580.85,5501.9,4570.03,-16.94,207.6,2022-04-27,542.0,16.13,3.81,0.78,8.82,510.0,450.2,-16.94,17073.35,17038.4,17110.7,16958.45,17329.25,17102.55,17377.65,17053.25
CAMPUS ACTIVEWEAR,EQ,CAMPUS,2022-04-26,2022-04-28,292,278,14,2022-05-09,1399.77,8886.32,11530.91,29.76,-30.5,2022-04-26,292.0,61.38,21.54,6.22,35.95,360.0,378.9,29.76,17121.3,17200.8,17223.85,17064.45,17189.5,17245.05,17322.5,17071.05
VEDANT FASHIONS,EQ,MANYAVAR,2022-02-04,2022-02-08,866,824,42,2022-02-16,3149.19,21017.37,22656.77,7.8,-36.12,2022-02-04,866.0,3.61,0.81,0.16,1.99,935.0,933.55,7.8,17590.2,17516.3,17617.8,17462.55,17279.85,17266.75,17306.45,17043.65
ADANI WILMAR,EQ,AWL,2022-01-27,2022-01-31,230,218,12,2022-02-08,3600.0,29898.57,34870.84,16.63,-7.14,2022-01-27,230.0,2.96,59.83,3.39,13.44,227.0,268.25,16.63,17062.0,17110.15,17182.5,16866.75,17301.05,17339.85,17410.0,17264.15
AGS TRANSACT TECHNOLOGIES,EQ,AGSTRA,2022-01-19,2022-01-21,175,166,9,2022-01-31,680.0,2106.87,1938.92,-7.97,-97.38,2022-01-19,175.0,1.76,24.6,1.88,5.23,175.0,161.05,-7.97,18129.2,17938.4,18129.2,17884.9,17613.7,17617.15,17707.6,17485.85
CMS INFO SYSTEMS,EQ,CMSINFO,2021-12-21,2021-12-23,216,205,11,2021-12-31,1100.0,3196.8,3525.36,10.28,47.12,2021-12-21,216.0,1.44,0.86,1.26,1.29,220.2,238.2,10.28,16773.15,16770.85,16936.4,16688.25,17066.8,17072.6,17118.65,17015.55
SUPRIYA LIFESCIENCE,EQ,SUPRIYA,2021-12-16,2021-12-20,274,265,9,2021-12-28,700.0,700.0,998.52,42.65,90.47,2021-12-16,274.0,13.76,162.87,49.31,39.68,421.0,390.85,42.65,17373.0,17248.4,17379.35,17184.95,16824.25,16614.2,16840.1,16410.2
DATA PATTERNS (INDIA),EQ,DATAPATTNS,2021-12-14,2021-12-16,585,555,30,2021-12-24,588.22,3035.37,3917.44,29.06,243.6,2021-12-14,585.0,74.99,254.89,20.21,82.8,856.05,755.0,29.06,17283.2,17324.9,17376.2,17225.8,17373.0,17248.4,17379.35,17184.95
MEDPLUS HEALTH SERVICES,EQ,MEDPLUS,2021-12-13,2021-12-15,796,780,16,2021-12-23,1398.29,9496.73,13375.96,40.85,-28.24,2021-12-13,796.0,46.21,86.27,4.17,37.36,1040.0,1121.15,40.85,17619.1,17368.25,17639.5,17355.95,17323.65,17221.4,17351.2,17192.2
METRO BRANDS,EQ,METROBRAND,2021-12-10,2021-12-14,500,485,15,2021-12-22,1367.51,13575.37,13394.82,-1.33,136.18,2021-12-10,500.0,4.01,2.69,0.63,2.63,437.0,493.35,-1.33,17476.05,17511.3,17534.35,17405.25,17283.2,17324.9,17376.2,17225.8
C.E. INFO SYSTEMS,EQ,MAPMYINDIA,2021-12-09,2021-12-13,1033,1000,33,2021-12-21,1039.61,5500.0,7420.21,34.91,18.06,2021-12-09,1033.0,79.28,423.61,13.18,107.8,1565.0,1393.65,34.91,17524.4,17516.85,17543.25,17379.6,17619.1,17368.25,17639.5,17355.95
SHRIRAM PROPERTIES,EQ,SHRIRAMPPS,2021-12-08,2021-12-10,118,113,5,2021-12-20,600.04,2001.56,1689.46,-15.59,-15.32,2021-12-08,118.0,1.37,2.52,8.05,2.2,90.0,99.6,-15.59,17315.25,17469.75,17484.6,17308.95,17476.05,17511.3,17534.35,17405.25
RATEGAIN TRAVEL TECHNOLOGIES,EQ,RATEGAIN,2021-12-07,2021-12-09,425,405,20,2021-12-17,1335.74,4537.22,3630.31,-19.99,94.6,2021-12-07,425.0,3.97,41.63,5.46,9.73,360.0,340.05,-19.99,17044.1,17176.7,17251.65,16987.75,17524.4,17516.85,17543.25,17379.6
ANAND RATHI WEALTH,EQ,ANANDRATHI,2021-12-02,2021-12-06,550,530,20,2021-12-14,659.38,2288.89,2428.51,6.1,403.64,2021-12-02,550.0,1.63,24.4,5.62,6.33,600.0,583.55,6.1,17183.2,17401.65,17420.35,17149.3,17209.05,16912.25,17216.75,16891.7
TEGA INDUSTRIES,EQ,TEGA,2021-12-01,2021-12-03,453,443,10,2021-12-13,619.23,3003.08,4813.21,60.28,164.78,2021-12-01,453.0,86.54,661.87,25.84,151.6,760.0,726.05,60.28,17104.4,17166.9,17213.05,17064.25,17424.9,17196.7,17489.8,17180.8
STAR HEALTH AND ALLIED INSURANCE COMPANY,EQ,STARHEALTH,2021-11-30,2021-12-02,900,870,30,2021-12-10,6018.68,51797.0,52191.23,0.76,-48.77,2021-11-30,900.0,1.01,0.67,0.59,0.95,845.0,906.85,0.76,17051.15,16983.2,17324.65,16931.4,17183.2,17401.65,17420.35,17149.3
GO FASHION (INDIA),EQ,GOCOLORS,2021-11-17,2021-11-22,690,655,35,2021-11-30,1013.61,3726.62,6771.11,81.7,-62.37,2021-11-17,690.0,40.74,259.01,42.26,73.63,1310.0,1253.7,81.7,17939.35,17898.65,18022.65,17879.25,17796.25,17416.55,17805.25,17280.45
TARSONS PRODUCTS,EQ,TARSONS,2021-11-15,2021-11-17,662,635,27,2021-11-26,1023.54,3522.26,4354.4,23.63,-72.07,2021-11-15,662.0,46.9,183.36,8.89,53.86,682.0,818.4,23.63,18140.95,18109.45,18210.15,18071.3,17939.35,17898.65,18022.65,17879.25
LATENT VIEW ANALYTICS,EQ,LATENTVIEW,2021-11-10,2021-11-12,197,190,7,2021-11-23,600.0,3896.94,9668.18,148.1,1.27,2021-11-10,197.0,60.57,875.55,106.09,185.32,512.2,488.75,148.1,17973.45,18017.2,18061.25,17915.0,17977.6,18102.75,18123.0,17905.9
SAPPHIRE FOODS INDIA,EQ,SAPPHIRE,2021-11-09,2021-11-11,1180,1120,60,2021-11-18,2073.25,7498.02,7698.5,2.67,-80.35,2021-11-09,1180.0,3.64,3.12,6.65,3.86,1350.0,1211.55,2.67,18084.35,18044.25,18112.6,17983.05,17967.45,17873.6,17971.35,17798.2
ONE 97 COMMUNICATIONS,EQ,PAYTM,2021-11-08,2021-11-10,2150,2080,70,2021-11-18,18300.0,139378.84,101182.55,-27.4,-16.41,2021-11-08,2150.0,1.76,0.23,1.27,1.48,1950.0,1560.8,-27.4,18040.2,18068.55,18087.8,17836.1,17973.45,18017.2,18061.25,17915.0
PB FINTECH,EQ,POLICYBZR,2021-11-01,2021-11-03,980,940,40,2021-11-15,5709.71,44050.98,54043.36,22.68,60.13,2021-11-01,980.0,11.61,8.02,2.65,10.17,1150.0,1202.3,22.68,17783.15,17929.65,17954.1,17697.1,17947.95,17829.2,17988.75,17757.95
S J S ENTERPRISES,EQ,SJS,2021-11-01,2021-11-03,542,531,11,2021-11-15,800.0,1649.73,1552.94,-5.87,226.79,2021-11-01,542.0,1.28,1.82,0.77,1.18,542.0,510.2,-5.87,17783.15,17929.65,17954.1,17697.1,17947.95,17829.2,17988.75,17757.95
FINO PAYMENTS BANK,EQ,FINOPB,2021-10-29,2021-11-02,577,560,17,2021-11-12,1200.29,4801.47,4526.03,-5.74,-50.69,2021-10-29,577.0,1.26,0.15,3.78,1.34,544.35,543.9,-5.74,17833.05,17671.65,17915.85,17613.1,17970.9,17888.95,18012.25,17847.6
FSN ECOMMERCE VENTURES,EQ,NYKAA,2021-10-28,2021-11-01,1125,1085,40,2021-11-10,5349.72,53204.31,104318.29,96.07,-88.62,2021-10-28,1125.0,37.54,110.16,10.28,45.47,2018.0,2205.8,96.07,18187.65,17857.25,18190.7,17799.45,17783.15,17929.65,17954.1,17697.1
ADITYA BIRLA SUN LIFE AMC,EQ,ABSLAMC,2021-09-29,2021-10-01,712,695,17,2021-10-11,2768.26,20505.6,20144.16,-1.76,7.51,2021-09-29,712.0,4.74,2.71,2.36,3.58,715.0,699.45,-1.76,17657.95,17711.3,17781.75,17608.15,17531.9,17532.05,17557.15,17452.9
SANSERA ENGINEERING,EQ,SANSERA,2021-09-14,2021-09-16,744,734,10,2021-09-24,1282.52,3822.51,4205.53,10.02,107.59,2021-09-14,744.0,11.19,11.16,2.34,8.03,811.5,818.55,10.02,17420.35,17380.0,17438.55,17367.05,17539.2,17629.5,17644.6,17510.45
AMI ORGANICS,EQ,AMIORG,2021-09-01,2021-09-03,610,603,7,2021-09-14,569.64,2222.66,3406.87,53.28,25.81,2021-09-01,610.0,34.65,155.84,11.3,44.66,910.0,935.0,53.28,17185.6,17076.25,17225.75,17055.05,17262.45,17323.6,17340.1,17212.2
AMI ORGANICS,EQ,AMIORG,2021-09-01,2021-09-03,610,603,7,2021-09-14,569.64,2222.66,3406.87,53.28,25.81,2021-09-01,610.0,34.65,155.84,11.3,44.66,910.0,935.0,53.28,17185.6,17076.25,17225.75,17055.05,17262.45,17323.6,17340.1,17212.2
AMI ORGANICS,EQ,AMIORG,2021-09-01,2021-09-03,610,603,7,2021-09-14,569.64,2222.66,3406.87,53.28,25.81,2021-09-01,610.0,34.65,155.84,11.3,44.66,910.0,935.0,53.28,17185.6,17076.25,17225.75,17055.05,17262.45,17323.6,17340.1,17212.2
AMI ORGANICS,EQ,AMIORG,2021-09-01,2021-09-03,610,603,7,2021-09-14,569.64,2222.66,3406.87,53.28,25.81,2021-09-01,610.0,34.65,155.84,11.3,44.66,910.0,935.0,53.28,17185.6,17076.25,17225.75,17055.05,17262.45,17323.6,17340.1,17212.2
VIJAYA DIAGNOSTIC CENTRE,EQ,VIJAYA,2021-09-01,2021-09-03,531,522,9,2021-09-14,1894.43,5414.39,6322.91,16.78,59.72,2021-09-01,531.0,5.84,0.88,0.7,3.29,540.0,620.1,16.78,17185.6,17076.25,17225.75,17055.05,17262.45,17323.6,17340.1,17212.2
APTUS VALUE HOUSING FINANCE INDIA,EQ,APTUS,2021-08-10,2021-08-12,353,346,7,2021-08-24,2780.05,17494.0,17191.69,-1.73,-15.72,2021-08-10,353.0,13.58,32.71,1.04,12.06,333.0,346.9,-1.73,16274.8,16280.1,16359.25,16202.25,16303.65,16364.4,16375.5,16286.9
CHEMPLAST SANMAR,EQ,CHEMPLASTS,2021-08-10,2021-08-12,541,530,11,2021-08-24,3850.0,8553.73,8468.35,-1.0,-51.19,2021-08-10,541.0,1.72,1.02,1.64,1.61,550.0,535.6,-1.0,16274.8,16280.1,16359.25,16202.25,16303.65,16364.4,16375.5,16286.9
CARTRADE TECH,EQ,CARTRADE,2021-08-09,2021-08-11,1618,1585,33,2021-08-20,2998.51,7415.95,6879.92,-7.23,78.1,2021-08-09,1618.0,14.73,39.85,2.3,14.15,1599.8,1501.05,-7.23,16281.35,16258.25,16320.75,16179.05,16327.3,16282.25,16338.75,16162.55
WINDLAS BIOTECH,EQ,WINDLAS,2021-08-04,2021-08-06,460,448,12,2021-08-16,401.54,1002.54,887.36,-11.49,92.07,2021-08-04,460.0,10.23,14.76,20.59,14.54,437.0,407.15,-11.49,16195.25,16258.8,16290.2,16176.15,16304.4,16238.2,16336.75,16223.3
KRSNAA DIAGNOSTICS,EQ,KRSNAA,2021-08-04,2021-08-06,954,933,21,2021-08-16,1213.33,2996.23,3099.88,3.46,-25.46,2021-08-04,954.0,20.55,114.47,37.15,35.65,1005.55,987.0,3.46,16195.25,16258.8,16290.2,16176.15,16304.4,16238.2,16336.75,16223.3
DEVYANI INTERNATIONAL,EQ,DEVYANI,2021-08-04,2021-08-06,90,86,4,2021-08-16,1838.0,10822.71,14851.17,37.22,8.77,2021-08-04,90.0,38.63,212.03,34.0,64.01,140.9,123.5,37.22,16195.25,16258.8,16290.2,16176.15,16304.4,16238.2,16336.75,16223.3
ROLEX RINGS,EQ,ROLEXRINGS,2021-07-28,2021-07-30,900,880,20,2021-08-09,731.0,2451.0,3178.13,29.67,-88.58,2021-07-28,900.0,57.88,355.67,21.67,89.88,1250.0,1167.0,29.67,15761.55,15709.4,15767.5,15513.45,15800.6,15763.05,15862.8,15744.85
GLENMARK LIFE SCIENCES,EQ,GLS,2021-07-27,2021-07-29,720,695,25,2021-08-06,1513.6,8821.96,9171.16,3.96,18.72,2021-07-27,720.0,15.51,124.82,12.98,31.02,750.0,748.5,3.96,15860.5,15746.45,15881.55,15701.0,15762.7,15778.45,15817.35,15737.8
TATVA CHINTAN PHARMA CHEM,EQ,TATVA,2021-07-16,2021-07-20,1083,1073,10,2021-07-29,500.0,2400.48,5125.01,113.5,-37.83,2021-07-16,1083.0,76.15,503.11,31.37,124.52,2111.85,2312.2,113.5,15958.35,15923.4,15962.25,15882.6,15703.95,15632.1,15728.45,15578.55
ZOMATO,EQ,ZOMATO,2021-07-14,2021-07-16,76,72,4,2021-07-23,9375.0,59623.37,98731.59,65.59,136.83,2021-07-14,76.0,22.53,34.44,6.34,22.58,115.0,125.85,65.59,15808.7,15853.95,15877.35,15764.2,15958.35,15923.4,15962.25,15882.6
G R INFRAPROJECTS,EQ,GRINFRA,2021-07-07,2021-07-09,837,828,9,2021-07-19,962.37,8092.87,16892.54,108.73,-41.27,2021-07-07,837.0,68.18,236.95,11.11,72.11,1715.85,1747.1,108.73,15819.6,15879.65,15893.55,15779.7,15688.25,15689.8,15730.85,15632.75
CLEAN SCIENCE AND TECHNOLOGY,EQ,CLEAN,2021-07-07,2021-07-09,900,880,20,2021-07-19,1546.62,9559.71,16838.36,76.14,-42.77,2021-07-07,900.0,65.42,206.03,8.09,66.45,1755.0,1585.25,76.14,15819.6,15879.65,15893.55,15779.7,15688.25,15689.8,15730.85,15632.75
INDIA PESTICIDES,EQ,IPL,2021-06-23,2021-06-25,296,290,6,2021-07-05,800.0,3408.84,3951.84,15.93,-50.76,2021-06-23,296.0,18.11,52.96,9.66,20.38,350.0,343.15,15.93,15862.8,15686.95,15862.95,15673.95,15839.35,15860.35,15870.8,15772.3
KRISHNA INSTITUTE OF MEDICAL SCIENCES,EQ,KIMS,2021-06-16,2021-06-18,825,815,10,2021-06-28,2143.74,6602.46,7978.58,20.84,-33.54,2021-06-16,825.0,2.74,1.81,2.13,2.52,1009.0,996.95,20.84,15847.5,15767.55,15880.85,15742.6,15756.5,15683.35,15761.5,15450.9
DODLA DAIRY,EQ,DODLA,2021-06-16,2021-06-18,428,421,7,2021-06-28,520.18,2546.29,3628.46,42.5,100.13,2021-06-16,428.0,34.55,73.33,9.7,31.67,550.0,609.9,42.5,15847.5,15767.55,15880.85,15742.6,15756.5,15683.35,15761.5,15450.9
SONA BLW PRECISION FORGINGS,EQ,SONACOMS,2021-06-14,2021-06-16,291,285,6,2021-06-24,5550.0,16973.73,21068.43,24.12,36.35,2021-06-14,291.0,2.03,0.36,1.21,1.69,301.0,361.2,24.12,15791.4,15811.85,15823.05,15606.5,15847.5,15767.55,15880.85,15742.6
SHYAM METALICS AND ENERGY,EQ,SHYAMMETL,2021-06-14,2021-06-16,306,303,3,2021-06-24,908.8,7805.47,9594.86,22.92,112.93,2021-06-14,306.0,63.52,334.48,10.0,84.58,380.0,376.15,22.92,15791.4,15811.85,15823.05,15606.5,15847.5,15767.55,15880.85,15742.6
MACROTECH DEVELOPERS,EQ,LODHA,2021-04-07,2021-04-09,486,483,3,2021-04-19,2500.0,21739.67,20811.49,-4.27,134.52,2021-04-07,486.0,1.83,1.02,0.24,1.14,436.0,465.25,-4.27,14716.45,14819.05,14879.8,14649.85,14882.65,14834.85,14918.45,14785.65
BARBEQUE-NATION HOSPITALITY,EQ,BARBEQUE,2021-03-24,2021-03-26,500,498,2,2021-04-07,452.87,1877.15,2206.77,17.56,-61.74,2021-03-24,500.0,2.65,3.06,9.22,3.35,489.85,587.8,17.56,14712.45,14549.4,14752.35,14535.0,14506.3,14507.3,14572.9,14414.25
SURYODAY SMALL FINANCE BANK,EQ,SURYODAY,2021-03-17,2021-03-19,305,303,2,2021-03-26,581.98,3236.99,2948.31,-8.92,-50.66,2021-03-17,305.0,1.47,1.18,2.35,1.7,292.0,277.8,-8.92,14946.55,14721.3,14956.55,14696.05,14471.15,14744.0,14788.25,14350.1
NAZARA TECHNOLOGIES,EQ,NAZARA,2021-03-17,2021-03-19,1101,1100,1,2021-03-30,582.69,3352.86,4848.09,44.6,-85.82,2021-03-17,1101.0,42.3,387.66,67.76,96.29,1990.0,1592.0,44.6,14946.55,14721.3,14956.55,14696.05,14471.15,14744.0,14788.25,14350.1
KALYAN JEWELLERS INDIA,EQ,KALYANKJIL,2021-03-16,2021-03-18,87,86,1,2021-03-26,1174.82,8961.46,7746.0,-13.56,537.37,2021-03-16,87.0,1.75,1.35,2.18,1.84,73.95,75.2,-13.56,14996.1,14910.45,15051.6,14890.65,14855.5,14557.85,14875.2,14478.6
CRAFTSMAN AUTOMATION,EQ,CRAFTSMAN,2021-03-15,2021-03-17,1490,1488,2,2021-03-25,823.7,3148.12,3033.18,-3.65,388.72,2021-03-15,1490.0,2.7,2.27,2.73,2.64,1359.0,1435.6,-3.65,15048.4,14929.5,15048.4,14745.85,14946.55,14721.3,14956.55,14696.05
LAXMI ORGANIC INDUSTRIES,EQ,LXCHEM,2021-03-15,2021-03-17,130,129,1,2021-03-25,600.0,3427.62,4335.93,26.5,3.9,2021-03-15,130.0,71.29,218.79,18.03,74.78,155.5,164.45,26.5,15048.4,14929.5,15048.4,14745.85,14946.55,14721.3,14956.55,14696.05
EASY TRIP PLANNERS,EQ,EASEMYTRIP,2021-03-08,2021-03-10,187,186,1,2021-03-19,510.0,2031.66,2264.71,11.47,-96.31,2021-03-08,187.0,31.83,383.34,62.95,87.67,212.25,208.45,11.47,15002.45,14956.2,15111.15,14919.9,15202.15,15174.8,15218.45,15100.85
MTAR TECHNOLOGIES,EQ,MTARTECH,2021-03-03,2021-03-05,575,574,1,2021-03-15,596.41,1768.68,3329.73,88.26,116.67,2021-03-03,575.0,66.64,643.47,25.3,138.7,1050.0,1082.5,88.26,15064.4,15245.6,15273.15,14995.8,14977.95,14938.1,15092.35,14862.1
HERANBA INDUSTRIES,EQ,HERANBA,2021-02-23,2021-02-25,627,626,1,2021-03-05,625.24,3048.89,3048.89,0.0,-61.56,2021-02-23,627.0,27.59,266.77,10.52,57.49,900.0,627.0,0.0,14782.25,14707.8,14854.5,14651.85,15079.85,15097.35,15176.5,15065.35
RAILTEL CORPORATION OF INDIA,EQ,RAILTEL,2021-02-16,2021-02-18,94,93,1,2021-02-26,819.24,3016.82,3894.59,29.1,171.28,2021-02-16,94.0,26.74,72.48,14.76,29.24,109.0,121.35,29.1,15371.45,15313.45,15431.75,15242.2,15238.7,15118.95,15250.75,15078.05
STOVE KRAFT,EQ,STOVEKRAFT,2021-01-25,2021-01-28,385,384,1,2021-02-05,412.62,1253.1,1451.49,15.83,39.32,2021-01-25,385.0,3.86,31.64,21.05,9.75,498.0,445.95,15.83,14477.8,14238.9,14491.1,14218.6,13810.4,13817.55,13898.25,13713.25
HOME FIRST FINANCE COMPANY INDIA,EQ,HOMEFIRST,2021-01-21,2021-01-25,518,517,1,2021-02-03,1153.72,4526.64,4610.09,1.84,122.65,2021-01-21,518.0,21.91,37.68,5.76,18.62,618.8,527.55,1.84,14730.95,14590.35,14753.55,14517.25,14477.8,14238.9,14491.1,14218.6
INDIGO PAINTS,EQ,INDIGOPNTS,2021-01-20,2021-01-22,1490,1488,2,2021-02-02,1169.12,7087.78,14827.97,109.2,-60.42,2021-01-20,1490.0,76.5,261.93,13.74,81.62,2607.5,3117.15,109.2,14538.3,14644.7,14666.45,14517.55,14583.4,14371.9,14619.9,14357.75
ANTONY WASTE HANDLING CELL,EQ,AWHCL,2020-12-21,2020-12-23,315,313,2,2021-01-01,299.99,891.05,1152.28,29.32,9.28,2020-12-21,315.0,4.46,18.57,13.72,9.82,436.1,407.35,29.32,13741.9,13328.4,13777.5,13131.45,13473.5,13601.1,13619.45,13432.2
MRS. BECTORS FOOD SPECIALITIES,EQ,BECTORFOOD,2020-12-15,2020-12-17,288,286,2,2020-12-24,540.54,1691.9,3490.72,106.32,-54.36,2020-12-15,288.0,71.83,619.66,25.44,137.63,500.0,594.2,106.32,13547.2,13567.85,13589.65,13447.05,13713.55,13740.7,13773.25,13673.55
BURGER KING INDIA,EQ,BURGERKING,2020-12-02,2020-12-04,60,59,1,2020-12-14,810.0,2289.93,5152.34,125.0,-49.7,2020-12-02,60.0,35.18,357.06,56.92,85.64,112.5,135.0,125.0,13121.4,13113.75,13128.5,12983.55,13177.4,13258.55,13280.05,13152.85
GLAND PHARMA,EQ,GLAND,2020-11-09,2020-11-11,1500,1490,10,2020-11-20,6479.55,24492.42,29710.13,21.3,-7.75,2020-11-09,1500.0,3.16,0.5,0.19,1.72,1710.0,1819.55,21.3,12399.4,12461.05,12474.05,12367.35,12680.6,12749.15,12769.75,12571.1
EQUITAS SMALL FINANCE BANK,EQ,EQUITASBNK,2020-10-20,2020-10-22,33,32,1,2020-11-02,517.6,3756.23,3733.46,-0.61,78.96,2020-10-20,33.0,2.15,0.16,1.53,1.53,31.1,32.8,-0.61,11861.0,11896.8,11949.25,11837.25,11890.0,11896.45,11939.55,11823.45
UTI ASSET MANAGEMENT COMPANY,EQ,UTIAMC,2020-09-29,2020-10-01,554,552,2,2020-10-12,2159.88,7024.01,6037.61,-14.04,140.74,2020-09-29,554.0,1.96,0.58,1.97,1.75,500.0,476.2,-14.04,11288.6,11222.4,11305.4,11181.0,11364.45,11416.95,11428.6,11347.05
MAZAGON DOCK SHIPBUILDERS,EQ,MAZDOCK,2020-09-29,2020-10-01,145,135,10,2020-10-12,443.69,2924.51,3468.06,18.59,1329.89,2020-09-29,145.0,89.87,673.67,32.15,155.51,214.9,171.95,18.59,11288.6,11222.4,11305.4,11181.0,11364.45,11416.95,11428.6,11347.05
ANGEL BROKING,EQ,ANGELBRKG,2020-09-22,2020-09-24,306,305,1,2020-10-05,600.0,2503.05,2256.01,-9.87,841.01,2020-09-22,306.0,2.9,0.51,3.36,2.7,275.0,275.8,-9.87,11301.75,11153.65,11302.2,11084.65,11011.0,10805.55,11015.3,10790.2
COMPUTER AGE MANAGEMENT SERVICES,EQ,CAMS,2020-09-21,2020-09-23,1230,1229,1,2020-10-01,2243.12,6000.78,6837.96,13.95,-46.12,2020-09-21,1230.0,29.9,111.31,4.85,33.02,1518.0,1401.6,13.95,11503.8,11250.55,11535.25,11218.5,11258.75,11131.85,11259.55,11024.4
CHEMCON SPECIALITY CHEMICALS,EQ,CHEMCON,2020-09-21,2020-09-23,340,338,2,2020-10-01,318.0,1245.44,2142.16,72.0,-65.53,2020-09-21,340.0,44.62,445.91,35.79,101.72,731.0,584.8,72.0,11503.8,11250.55,11535.25,11218.5,11258.75,11131.85,11259.55,11024.4
ROUTE MOBILE,EQ,ROUTE,2020-09-09,2020-09-11,350,345,5,2020-09-21,600.0,1990.0,3703.11,86.09,3.73,2020-09-09,350.0,37.31,193.78,11.54,51.76,717.0,651.3,86.09,11218.6,11278.0,11298.15,11185.15,11447.8,11464.45,11493.5,11419.9
HAPPIEST MINDS TECHNOLOGIES,EQ,HAPPSTMNDS,2020-09-07,2020-09-09,166,165,1,2020-09-17,702.02,2437.94,5447.9,123.46,32.23,2020-09-07,166.0,31.96,348.43,60.3,82.26,350.0,370.95,123.46,11359.6,11355.05,11381.15,11251.7,11218.6,11278.0,11298.15,11185.15
ROSSARI BIOTECH,EQ,ROSSARI,2020-07-13,2020-07-15,425,423,2,2020-07-23,496.25,2207.0,3851.34,74.51,-21.07,2020-07-13,425.0,34.83,236.79,6.2,55.11,669.25,741.65,74.51,10851.85,10802.7,10894.05,10756.05,10701.0,10618.2,10827.45,10577.75
SBI CARDS AND PAYMENT SERVICES,EQ,SBICARD,2020-03-02,2020-03-05,755,750,5,2020-03-16,10340.79,70891.24,63980.52,-9.75,28.35,2020-03-02,755.0,23.41,43.42,2.17,19.21,661.0,681.4,-9.75,11387.35,11132.75,11433.0,11036.25,11306.05,11269.0,11389.5,11244.6
PRINCE PIPES AND FITTINGS,EQ,PRINCEPIPE,2019-12-18,2019-12-20,178,177,1,2019-12-30,500.0,1958.46,1836.33,-6.24,51.14,2019-12-18,178.0,2.02,0.52,1.63,1.66,160.0,166.9,-6.24,12197.0,12221.65,12237.7,12163.45,12266.45,12271.8,12293.9,12252.75
UJJIVAN SMALL FINANCE BANK,EQ,UJJIVANSFB,2019-12-02,2019-12-04,37,36,1,2019-12-12,745.95,6394.43,9669.41,51.22,-5.24,2019-12-02,37.0,46.3,473.33,45.29,99.61,58.75,55.95,51.22,12137.05,12048.2,12137.15,12023.7,11969.95,12043.2,12054.7,11935.3
CSB BANK,EQ,CSBBANK,2019-11-22,2019-11-26,195,193,2,2019-12-04,409.68,3382.39,5204.54,53.87,30.03,2019-11-22,195.0,25.52,164.27,40.98,47.88,275.0,300.05,53.87,11967.3,11914.4,11968.1,11883.5,12110.2,12037.7,12132.45,12006.35
INDIAN RAILWAY CATERING AND TOURISM CORPORATION,EQ,IRCTC,2019-09-30,2019-10-03,320,315,5,2019-10-14,637.97,5120.0,11644.0,127.42,-7.35,2019-09-30,320.0,105.55,351.03,13.28,109.21,626.0,727.75,127.42,11491.15,11474.45,11508.25,11390.8,11322.25,11314.0,11370.4,11257.35
AFFLE INDIA,EQ,AFFLE,2019-07-29,2019-07-31,745,740,5,2019-08-08,459.0,1899.48,2227.49,17.27,92.96,2019-07-29,745.0,22.57,198.34,10.23,47.7,926.0,873.65,17.27,11307.5,11189.2,11310.95,11152.4,11034.05,11118.0,11145.3,10999.4
INDIAMART INTERMESH,EQ,INDIAMART,2019-06-24,2019-06-26,973,970,3,2019-07-04,475.49,2799.79,3746.34,33.81,71.44,2019-06-24,973.0,12.95,62.08,13.15,20.31,1180.0,1301.95,33.81,11725.8,11699.65,11754.0,11670.2,11768.15,11847.55,11871.85,11757.55
POLYCAB INDIA,EQ,POLYCAB,2019-04-05,2019-04-09,538,533,5,2019-04-16,1345.26,7997.15,9733.33,21.71,1011.26,2019-04-05,538.0,37.88,108.64,4.36,36.51,633.0,654.8,21.71,11638.4,11665.95,11689.65,11609.5,11612.05,11671.95,11683.9,11569.7
METROPOLIS HEALTHCARE,EQ,METROPOLIS,2019-04-03,2019-04-05,880,877,3,2019-04-15,1204.29,4415.72,4816.4,9.07,99.41,2019-04-03,880.0,4.19,2.75,2.05,3.68,958.0,959.85,9.07,11735.3,11643.95,11761.0,11629.15,11638.4,11665.95,11689.65,11609.5
RAIL VIKAS NIGAM,EQ,RVNL,2019-03-29,2019-04-03,19,17,2,2019-04-11,476.86,3961.54,3971.96,0.26,1547.77,2019-03-29,19.0,1.36,0.67,2.64,1.7,19.0,19.05,0.26,11625.45,11623.9,11630.35,11570.15,11735.3,11643.95,11761.0,11629.15
MSTC,EQ,MSTCLTD,2019-03-13,2019-03-20,128,120,8,2019-03-29,211.04,844.8,802.21,-5.04,313.34,2019-03-13,120.0,1.13,1.69,2.65,1.36,115.0,113.95,-5.04,11326.2,11341.7,11352.3,11276.6,11553.35,11521.05,11556.1,11503.1
CHALET HOTELS,EQ,CHALET,2019-01-29,2019-01-31,280,275,5,2019-02-07,1641.18,5740.67,5980.55,4.18,208.6,2019-01-29,280.0,2.51,0.99,0.02,1.41,291.0,291.7,4.18,10653.7,10652.2,10690.35,10583.65,10690.55,10830.95,10838.05,10678.55
AAVAS FINANCIERS,EQ,AAVAS,2018-09-25,2018-09-27,821,818,3,2018-10-08,1640.32,6420.34,6055.53,-5.68,102.65,2018-09-25,821.0,1.76,0.14,0.2,0.97,750.0,774.35,-5.68,10969.95,11067.45,11080.6,10882.85,11079.8,10977.55,11089.45,10953.35
GARDEN REACH SHIPBUILDERS & ENGINEERS,EQ,GRSE,2018-09-24,2018-10-01,118,114,4,2018-10-10,343.59,1351.71,1183.32,-12.46,2174.93,2018-09-24,118.0,1.81,0.3,0.21,1.01,102.5,103.3,-12.46,11164.4,10967.4,11170.15,10943.6,10930.9,11008.3,11035.65,10821.55
IRCON INTERNATIONAL,EQ,IRCON,2018-09-17,2018-09-19,475,470,5,2018-09-28,466.93,4467.45,3905.96,-12.57,-62.16,2018-09-17,475.0,12.28,3.73,9.46,9.52,412.0,415.3,-12.57,11464.95,11377.75,11464.95,11366.9,11326.65,11234.35,11332.05,11210.9
HDFC ASSET MANAGEMENT COMPANY,EQ,HDFCAMC,2018-07-25,2018-07-27,1100,1095,5,2018-08-06,2800.33,23318.77,38496.11,65.09,47.29,2018-07-25,1100.0,77.51,194.39,6.22,61.39,1726.25,1815.95,65.09,11148.4,11132.0,11157.15,11113.25,11232.75,11278.35,11283.4,11210.25
TCNS CLOTHING CO.,EQ,TCNSBRANDS,2018-07-18,2018-07-20,716,714,2,2018-07-30,1125.13,4390.38,4041.78,-7.94,-11.41,2018-07-18,716.0,6.09,4.89,0.53,3.96,716.0,659.15,-7.94,11060.2,10980.45,11076.2,10956.3,10963.5,11010.2,11030.25,10946.2
VARROC ENGINEERING,EQ,VARROC,2018-06-26,2018-06-28,967,965,2,2018-07-06,1955.18,13036.27,13984.67,7.28,-37.33,2018-06-26,967.0,4.27,1.51,0.87,2.65,1015.0,1037.35,7.28,10742.7,10769.15,10805.25,10732.55,10660.8,10589.1,10674.2,10557.7
FINE ORGANIC INDUSTRIES,EQ,FINEORG,2018-06-20,2018-06-22,783,780,3,2018-07-02,600.17,2400.68,2522.7,5.08,435.88,2018-06-20,783.0,6.46,18.75,1.51,6.57,815.0,822.8,5.08,10734.65,10772.05,10781.8,10724.05,10742.7,10821.85,10837.0,10710.45
RITES,EQ,RITES,2018-06-20,2018-06-22,185,180,5,2018-07-02,460.51,3700.0,4266.0,15.3,6.54,2018-06-20,185.0,71.97,192.55,14.87,66.77,190.0,213.3,15.3,10734.65,10772.05,10781.8,10724.05,10742.7,10821.85,10837.0,10710.45
INDOSTAR CAPITAL FINANCE,EQ,INDOSTAR,2018-05-09,2018-05-11,572,570,2,2018-05-21,1844.0,5213.15,5341.65,2.47,-58.63,2018-05-09,572.0,6.75,7.85,1.4,5.04,600.0,586.1,2.47,10693.35,10741.7,10766.25,10689.85,10741.95,10806.5,10812.05,10724.45
LEMON TREE HOTELS,EQ,LEMONTREE,2018-03-26,2018-03-28,56,54,2,2018-04-09,1038.68,4403.91,5634.65,27.95,127.36,2018-03-26,56.0,2.18,0.11,0.1,1.14,61.6,71.65,27.95,9989.15,10130.65,10143.5,9958.55,10143.6,10113.7,10158.35,10096.9
MISHRA DHATU NIGAM,EQ,MIDHANI,2018-03-21,2018-03-23,90,87,3,2018-04-04,435.02,1686.06,1687.0,0.06,233.76,2018-03-21,90.0,1.96,0.11,0.66,1.19,87.0,90.05,0.06,10181.95,10155.25,10227.3,10132.95,9968.8,9998.05,10027.7,9951.9
SANDHAR TECHNOLOGIES,EQ,SANDHAR,2018-03-19,2018-03-21,332,327,5,2018-04-02,512.48,1998.33,1939.04,-2.97,74.17,2018-03-19,332.0,6.43,6.18,1.3,4.59,346.1,322.15,-2.97,10215.35,10094.25,10224.55,10075.3,10181.95,10155.25,10227.3,10132.95
HINDUSTAN AERONAUTICS,EQ,HAL,2018-03-16,2018-03-20,1240,1215,25,2018-03-28,4063.31,40628.08,37881.09,-6.76,279.79,2018-03-16,1215.0,1.74,0.03,0.36,0.98,1152.0,1132.85,-6.76,10345.15,10195.15,10346.3,10180.25,10051.55,10124.35,10155.65,10049.1
KARDA CONSTRUCTIONS,EQ,KARDA,2018-03-16,2018-03-21,180,175,5,2018-04-02,77.4,221.4,175.64,-20.67,-99.78,2018-03-16,180.0,1.55,0.49,1.89,1.3,136.0,142.8,-20.67,10345.15,10195.15,10346.3,10180.25,10181.95,10155.25,10227.3,10132.95
BANDHAN BANK,EQ,BANDHANBNK,2018-03-15,2018-03-19,375,370,5,2018-03-27,4473.02,44730.19,56878.9,27.16,-68.63,2018-03-15,375.0,16.08,13.81,1.14,10.51,499.0,476.85,27.16,10405.45,10360.15,10420.0,10346.2,10215.35,10094.25,10224.55,10075.3
BHARAT DYNAMICS,EQ,BDL,2018-03-13,2018-03-15,428,413,15,2018-03-23,952.25,7844.44,7144.3,-8.93,261.7,2018-03-13,428.0,1.5,0.44,1.33,1.26,370.0,389.8,-8.93,10389.5,10426.85,10478.6,10377.85,10405.45,10360.15,10420.0,10346.2
H.G.INFRA ENGINEERING,EQ,HGINFRA,2018-02-26,2018-02-28,270,263,7,2018-03-09,462.0,1759.62,1744.96,-0.83,182.58,2018-02-26,270.0,3.96,4.64,2.95,3.71,270.0,267.75,-0.83,10526.55,10582.6,10592.95,10520.2,10488.95,10492.85,10535.5,10461.55
ASTER DM HEALTHCARE,EQ,ASTERDM,2018-02-12,2018-02-15,190,180,10,2018-02-26,980.14,9599.32,9172.4,-4.45,241.7,2018-02-12,190.0,1.36,0.7,1.11,1.17,183.0,181.55,-4.45,10518.2,10539.75,10555.5,10485.4,10537.9,10545.5,10618.1,10511.05
GALAXY SURFACTANTS,EQ,GALAXYSURF,2018-01-29,2018-01-31,1480,1470,10,2018-02-08,937.09,5247.3,6028.9,14.9,16.87,2018-01-29,1480.0,22.35,6.63,5.7,14.17,1525.0,1700.45,14.9,11079.35,11130.4,11171.55,11075.95,11018.8,11027.7,11058.5,10979.3
AMBER ENTERPRISES INDIA,EQ,AMBER,2018-01-17,2018-01-19,859,855,4,2018-01-30,599.6,2701.26,3915.88,44.97,432.1,2018-01-17,859.0,68.59,518.3,11.09,115.1,1175.0,1245.25,44.97,10702.45,10788.55,10803.0,10666.75,10829.2,10894.7,10906.85,10793.9
NEWGEN SOFTWARE TECHNOLOGIES,EQ,NEWGEN,2018-01-16,2018-01-18,245,240,5,2018-01-29,424.62,1696.27,1747.51,3.02,239.58,2018-01-16,245.0,6.92,5.38,4.93,5.99,254.1,252.4,3.02,10761.5,10700.45,10762.35,10687.85,10873.4,10817.0,10887.5,10782.4
ASTRON PAPER & BOARD MILLS,EQ,ASTRON,2017-12-15,2017-12-20,50,45,5,2017-12-29,69.83,232.5,561.49,141.5,-94.86,2017-12-15,50.0,102.92,394.14,74.37,240.58,115.0,120.75,141.5,10345.65,10333.25,10373.1,10319.65,10494.4,10444.2,10494.45,10437.15
FUTURE SUPPLY CHAIN SOLUTIONS,EQ,FSC,2017-12-06,2017-12-08,664,660,4,2017-12-18,649.7,2659.73,2749.26,3.37,-99.57,2017-12-06,664.0,5.62,11.06,3.09,5.55,664.0,686.35,3.37,10088.8,10044.1,10104.2,10033.35,10198.45,10265.65,10270.85,10195.25
SHALBY,EQ,SHALBY,2017-12-05,2017-12-07,248,245,3,2017-12-15,504.8,2678.64,2587.91,-3.39,-19.24,2017-12-05,248.0,2.41,0.42,2.83,2.26,239.7,239.6,-3.39,10118.25,10118.25,10147.95,10069.1,10063.45,10166.7,10182.65,10061.9
KHADIM INDIA,EQ,KHADIM,2017-11-02,2017-11-06,750,745,5,2017-11-14,543.06,1347.39,1237.53,-8.15,-75.14,2017-11-02,750.0,1.65,0.1,2.13,1.59,730.0,688.85,-8.15,10440.5,10423.8,10453.0,10412.55,10431.75,10451.8,10490.45,10413.75
THE NEW INDIA ASSURANCE COMPANY,EQ,NIACL,2017-11-01,2017-11-03,800,770,30,2017-11-13,9585.82,65920.0,59913.04,-9.11,-76.36,2017-11-01,800.0,2.33,0.11,0.1,1.19,750.0,727.1,-9.11,10390.35,10440.5,10451.65,10383.05,10461.55,10452.5,10461.7,10403.6
MAHINDRA LOGISTICS,EQ,MAHLOG,2017-10-31,2017-11-02,429,425,4,2017-11-10,828.88,3051.99,3055.55,0.12,-24.75,2017-10-31,429.0,6.84,1.84,5.75,5.68,429.0,429.5,0.12,10364.9,10335.3,10367.7,10323.95,10440.5,10423.8,10453.0,10412.55
RELIANCE NIPPON LIFE ASSET MANAGEMENT,EQ,RNAM,2017-10-25,2017-10-27,252,247,5,2017-11-06,1542.24,15422.4,17405.28,12.86,206.08,2017-10-25,252.0,47.51,210.47,5.39,57.21,295.9,284.4,12.86,10321.15,10295.35,10340.55,10240.9,10362.3,10323.05,10366.15,10311.3
GENERAL INSURANCE CORPORATION OF INDIA,EQ,GICRE,2017-10-11,2017-10-13,912,855,57,2017-10-25,11256.83,80000.64,76693.6,-4.13,-56.27,2017-10-11,912.0,2.24,0.11,0.59,1.34,850.0,874.3,-4.13,10042.6,9984.8,10067.25,9955.8,10123.7,10167.45,10191.9,10120.1
INDIAN ENERGY EXCHANGE,EQ,IEX,2017-10-09,2017-10-11,1650,1645,5,2017-10-23,1000.73,5004.22,4940.99,-1.26,-91.21,2017-10-09,1650.0,2.52,0.59,2.41,2.19,1500.0,1629.15,-1.26,9988.2,9988.75,10015.75,9959.45,10042.6,9984.8,10067.25,9955.8
MAS FINANCIAL SERVICES,EQ,MASFIN,2017-10-06,2017-10-10,459,456,3,2017-10-18,460.04,2508.99,3577.08,42.57,-50.63,2017-10-06,459.0,60.42,380.2,15.13,91.0,660.0,654.4,42.57,9908.15,9979.7,9989.35,9906.6,10013.7,10016.95,10034.0,10002.3
GODREJ AGROVET,EQ,GODREJAGRO,2017-10-04,2017-10-06,460,450,10,2017-10-16,1157.31,8833.32,11438.19,29.49,-0.68,2017-10-04,460.0,62.67,238.28,7.37,68.46,615.6,595.65,29.49,9884.35,9914.9,9938.3,9850.65,9908.15,9979.7,9989.35,9906.6
PRATAAP SNACKS,EQ,DIAMONDYD,2017-09-22,2017-09-26,938,930,8,2017-10-05,481.6,2199.89,2768.98,25.87,-7.8,2017-09-22,938.0,31.8,101.01,8.02,33.59,1270.0,1180.65,25.87,10094.35,9964.4,10095.05,9952.8,9875.25,9871.5,9891.35,9813.0
SBI LIFE INSURANCE COMPANY,EQ,SBILIFE,2017-09-20,2017-09-22,700,685,15,2017-10-03,8388.73,70000.0,70755.0,1.08,186.33,2017-09-20,700.0,5.63,0.64,0.78,2.86,735.0,707.55,1.08,10160.95,10141.15,10171.05,10134.2,10094.35,9964.4,10095.05,9952.8
ICICI LOMBARD GENERAL INSURANCE COMPANY,EQ,ICICIGI,2017-09-15,2017-09-19,661,651,10,2017-09-27,5700.94,30005.98,30922.96,3.06,184.48,2017-09-15,661.0,3.9,0.76,1.15,2.39,651.1,681.2,3.06,10062.35,10085.4,10115.15,10043.65,10175.6,10147.55,10178.95,10129.95
CAPACIT'E INFRAPROJECTS,EQ,CAPACITE,2017-09-13,2017-09-15,250,245,5,2017-09-25,400.0,1697.29,2325.62,37.02,-24.84,2017-09-13,250.0,54.34,647.11,16.96,130.17,399.0,342.55,37.02,10099.25,10079.3,10131.95,10063.15,10062.35,10085.4,10115.15,10043.65
MATRIMONY.COM,EQ,MATRIMONY,2017-09-11,2017-09-13,985,983,2,2017-09-21,496.88,2225.54,2044.0,-8.16,-39.65,2017-09-11,985.0,1.39,0.28,17.1,2.79,985.0,904.65,-8.16,9971.75,10006.05,10028.65,9968.8,10099.25,10079.3,10131.95,10063.15
DIXON TECHNOLOGIES (INDIA),EQ,DIXON,2017-09-06,2017-09-08,1766,1760,6,2017-09-18,599.28,2000.01,3274.71,63.73,362.69,2017-09-06,1766.0,54.5,345.43,10.03,82.58,2725.0,2891.55,63.73,9899.25,9916.2,9931.55,9882.55,9958.65,9934.8,9963.6,9913.3
BHARAT ROAD NETWORK,EQ,BRNL,2017-09-06,2017-09-08,205,195,10,2017-09-18,600.65,1720.98,1749.94,1.68,-88.87,2017-09-06,205.0,1.16,1.05,5.22,1.55,205.0,208.45,1.68,9899.25,9916.2,9931.55,9882.55,9958.65,9934.8,9963.6,9913.3
APEX FROZEN FOODS,EQ,APEX,2017-08-22,2017-08-24,175,171,4,2017-09-04,152.25,546.88,662.81,21.2,25.6,2017-08-22,175.0,1.38,7.22,8.08,4.41,202.0,212.1,21.2,9815.75,9765.55,9828.45,9752.6,9881.2,9857.05,9881.5,9848.85
COCHIN SHIPYARD,EQ,COCHINSHIP,2017-08-01,2017-08-03,432,424,8,2017-08-11,1442.93,5872.44,7179.46,22.26,202.77,2017-08-01,432.0,63.51,287.11,7.98,75.74,440.15,528.15,22.26,10101.05,10114.65,10128.6,10065.75,10081.15,10013.65,10081.15,9998.25
SECURITY AND INTELLIGENCE SERVICES (INDIA),EQ,SIS,2017-07-31,2017-08-02,815,805,10,2017-08-10,779.58,5962.46,5538.5,-7.11,-57.09,2017-07-31,815.0,2.92,1.65,18.65,4.3,879.8,757.05,-7.11,10034.7,10077.1,10085.9,10016.95,10136.3,10081.5,10137.85,10054.2
AU SMALL FINANCE BANK,EQ,AUBANK,2017-06-28,2017-06-30,358,355,3,2017-07-10,1912.51,10176.18,15396.45,51.3,78.72,2017-06-28,358.0,32.11,141.91,3.35,37.82,530.0,541.65,51.3,9520.2,9491.25,9522.5,9474.35,9478.5,9520.9,9535.8,9448.75
GTPL HATHWAY,EQ,GTPL,2017-06-21,2017-06-23,170,167,3,2017-07-04,484.8,1911.87,1930.43,0.97,-41.73,2017-06-21,170.0,1.21,2.8,0.93,1.35,170.0,171.65,0.97,9648.1,9633.6,9650.45,9608.6,9643.25,9574.95,9647.65,9565.3
CENTRAL DEPOSITORY SERVICES (INDIA),EQ,CDSL,2017-06-19,2017-06-21,149,145,4,2017-06-30,523.99,1557.05,2733.72,75.57,483.52,2017-06-19,149.0,60.2,558.0,22.3,119.21,250.0,261.6,75.57,9626.4,9657.55,9673.3,9614.9,9648.1,9633.6,9650.45,9608.6
ERIS LIFESCIENCES,EQ,ERIS,2017-06-16,2017-06-20,603,600,3,2017-06-29,1740.49,8291.25,8270.62,-0.25,161.38,2017-06-16,603.0,2.49,0.38,3.31,2.25,611.0,601.5,-0.25,9595.45,9588.05,9615.85,9565.5,9670.5,9653.5,9676.5,9643.75
TEJAS NETWORKS,EQ,TEJASNET,2017-06-14,2017-06-16,257,250,7,2017-06-27,776.69,2301.38,2359.59,2.53,81.92,2017-06-14,257.0,1.53,0.19,2.92,1.47,257.0,263.5,2.53,9621.55,9618.15,9627.4,9580.45,9595.45,9588.05,9615.85,9565.5
HOUSING AND URBAN DEVELOPMENT CORPORATION,EQ,HUDCO,2017-05-08,2017-05-11,60,56,4,2017-05-19,1209.78,12011.4,14523.78,20.92,194.54,2017-05-08,60.0,55.18,330.54,10.02,79.16,73.0,72.55,20.92,9311.45,9314.05,9338.7,9297.95,9448.6,9422.4,9450.65,9411.3
S CHAND AND COMPANY,EQ,SCHAND,2017-04-26,2017-04-28,670,660,10,2017-05-09,728.56,2324.58,2345.4,0.9,-76.28,2017-04-26,670.0,18.61,205.73,5.79,42.19,700.0,676.0,0.9,9336.2,9351.85,9367.0,9301.35,9340.95,9304.05,9342.65,9282.25
SHANKARA BUILDING PRODUCTS,EQ,SHANKARA,2017-03-22,2017-03-24,460,440,20,2017-04-05,345.0,1051.07,1445.11,37.49,-82.04,2017-03-22,460.0,20.36,89.15,14.72,28.7,555.05,632.45,37.49,9047.2,9030.45,9072.9,9019.3,9104.0,9108.0,9133.55,9089.4
AVENUE SUPERMARTS,EQ,DMART,2017-03-08,2017-03-10,299,295,4,2017-03-21,1870.0,18660.13,40041.26,114.58,498.97,2017-03-08,299.0,60.02,272.2,7.09,73.32,600.0,641.6,114.58,8950.7,8924.3,8957.05,8891.95,8953.7,8934.55,8975.7,8903.95
BSE,EQ,BSE,2017-01-23,2017-01-25,806,805,1,2017-02-03,1243.43,4326.46,5739.27,32.66,155.8,2017-01-23,806.0,20.13,158.43,6.12,35.97,1085.0,1069.2,32.66,8329.6,8391.5,8404.15,8327.2,8499.45,8602.75,8612.6,8493.95
LAURUS LABS,EQ,LAURUSLABS,2016-12-06,2016-12-08,428,426,2,2016-12-19,1330.51,4526.37,5080.53,12.24,110.72,2016-12-06,428.0,4.85,3.54,1.59,3.49,489.9,480.4,12.24,8153.15,8143.15,8178.7,8130.85,8152.1,8246.85,8256.25,8151.75
SHEELA FOAM,EQ,SFL,2016-11-29,2016-12-01,730,680,50,2016-12-09,510.0,3561.14,5034.39,41.37,-44.04,2016-11-29,730.0,6.89,3.64,0.45,4.15,860.0,1032.0,41.37,8131.55,8142.15,8197.35,8128.7,8244.0,8192.9,8250.8,8185.05
VARUN BEVERAGES,EQ,VBL,2016-10-26,2016-10-28,445,440,5,2016-11-08,1112.5,8096.84,8360.67,3.26,4.45,2016-10-26,445.0,2.6,0.34,0.74,1.58,430.0,459.5,3.26,8657.3,8615.25,8657.3,8596.6,8625.0,8638.0,8653.75,8581.75
ENDURANCE TECHNOLOGIES,EQ,ENDURANCE,2016-10-05,2016-10-07,472,467,5,2016-10-19,1161.73,6639.29,9099.48,37.06,308.21,2016-10-05,472.0,21.81,127.33,2.57,30.91,572.0,646.9,37.06,8806.35,8743.95,8806.95,8731.4,8721.7,8697.6,8723.7,8663.8
HPL ELECTRIC AND POWER,EQ,HPL,2016-09-22,2016-09-26,202,175,27,2016-10-04,361.0,1298.87,1217.21,-6.29,107.18,2016-09-22,202.0,3.37,25.45,3.55,6.74,190.0,189.3,-6.29,8873.35,8867.45,8893.35,8837.8,8807.9,8723.05,8809.55,8715.1
GNA AXLES,EQ,GNA,2016-09-14,2016-09-16,207,205,2,2016-09-26,130.41,444.33,526.01,18.38,24.0,2016-09-14,207.0,7.51,210.72,11.31,38.08,252.0,245.05,18.38,8710.65,8726.6,8739.85,8688.9,8780.85,8779.85,8847.65,8750.5
L&T TECHNOLOGY SERVICES,EQ,LTTS,2016-09-12,2016-09-15,860,850,10,2016-09-23,894.4,8745.37,8836.9,1.05,438.09,2016-09-12,860.0,2.66,0.45,1.63,1.97,920.0,869.0,1.05,8732.95,8715.6,8746.95,8699.4,8743.85,8742.55,8751.95,8704.35
RBL BANK,EQ,RBLBANK,2016-08-19,2016-08-23,225,224,1,2016-08-31,1212.97,8320.7,11072.08,33.07,2.74,2016-08-19,225.0,34.91,197.29,5.44,48.95,274.2,299.4,33.07,8694.3,8666.9,8696.6,8647.1,8628.35,8632.6,8642.15,8580.0
S.P. APPARELS,EQ,SPAL,2016-08-02,2016-08-04,268,258,10,2016-08-12,239.12,698.61,752.7,7.74,151.69,2016-08-02,268.0,1.63,5.23,1.84,2.24,275.0,288.75,7.74,8647.45,8622.9,8687.2,8611.4,8599.95,8551.1,8601.4,8518.15
DILIP BUILDCON,EQ,DBL,2016-08-01,2016-08-03,219,214,5,2016-08-11,653.98,2995.26,3443.18,14.95,76.9,2016-08-01,219.0,4.7,80.83,2.29,15.28,240.0,251.75,14.95,8654.3,8636.55,8711.3,8590.5,8635.2,8544.85,8635.45,8529.6
ADVANCED ENZYME TECHNOLOGIES,EQ,ADVENZYMES,2016-07-20,2016-07-22,896,880,16,2016-08-01,411.49,2000.41,2630.23,31.48,-73.69,2016-07-20,896.0,38.6,391.88,11.12,81.54,1210.0,1178.1,31.48,8515.45,8565.85,8569.9,8512.55,8519.65,8541.2,8548.95,8489.8
LARSEN & TOUBRO INFOTECH,EQ,LTI,2016-07-11,2016-07-13,710,705,5,2016-07-21,1236.38,12058.89,11848.29,-1.75,800.87,2016-07-11,710.0,8.55,10.59,6.92,8.29,667.0,697.6,-1.75,8413.35,8467.9,8475.25,8407.05,8540.45,8519.5,8550.25,8493.55
QUESS CORP,EQ,QUESS,2016-06-29,2016-07-01,317,310,7,2016-07-12,400.0,3992.72,6336.71,58.71,-58.36,2016-06-29,317.0,24.79,397.04,32.8,81.43,500.0,503.1,58.71,8173.1,8204.0,8212.4,8157.65,8313.05,8328.35,8356.75,8308.65
MAHANAGAR GAS,EQ,MGL,2016-06-21,2016-06-23,421,380,41,2016-07-01,1038.88,4158.54,5139.41,23.59,115.88,2016-06-21,421.0,31.13,181.07,6.58,44.67,540.0,520.3,23.59,8255.4,8219.9,8257.25,8202.15,8201.15,8270.45,8285.6,8188.3
PARAG MILK FOODS,EQ,PARAGMILK,2016-05-04,2016-05-11,227,215,12,2016-05-19,750.54,1808.47,2077.64,14.88,29.55,2016-05-04,215.0,1.14,2.89,2.01,1.49,217.5,247.0,14.88,7724.15,7706.55,7749.0,7697.25,7804.65,7848.85,7893.1,7780.9
THYROCARE TECHNOLOGIES,EQ,THYROCARE,2016-04-27,2016-04-29,446,420,26,2016-05-09,479.21,2396.07,3324.41,38.74,-29.58,2016-04-27,446.0,31.17,225.22,8.29,52.27,665.0,618.8,38.74,7942.0,7979.9,7991.0,7940.55,7844.25,7849.8,7889.05,7788.7
INFIBEAM INCORPORATION,EQ,INFIBEAM,2016-03-21,2016-03-23,432,360,72,2016-04-04,450.0,2293.55,2366.55,3.18,-96.18,2016-03-21,432.0,1.03,2.62,1.46,1.31,453.0,445.75,3.18,7619.2,7704.25,7713.55,7617.7,7717.45,7716.5,7726.85,7670.6
BHARAT WIRE ROPES,EQ,BHARATWIRE,2016-03-18,2016-03-22,45,40,5,2016-04-01,70.0,202.29,204.76,1.22,291.02,2016-03-18,45.0,1.13,2.23,2.18,1.34,47.25,45.55,1.22,7534.65,7604.35,7613.6,7517.9,7695.55,7714.9,7728.2,7643.8
HEALTHCARE GLOBAL ENTERPRISES,EQ,HCG,2016-03-16,2016-03-18,218,205,13,2016-03-30,649.64,1854.66,1454.8,-21.56,318.22,2016-03-16,218.0,1.57,0.4,0.76,1.31,210.2,171.0,-21.56,7457.05,7498.75,7508.0,7405.15,7534.65,7604.35,7613.6,7517.9
QUICK HEAL TECHNOLOGIES,EQ,QUICKHEAL,2016-02-08,2016-02-10,321,311,10,2016-02-18,451.25,2247.96,1777.71,-20.92,10.73,2016-02-08,321.0,2.42,37.18,3.72,8.01,305.0,253.85,-20.92,7489.7,7387.25,7512.55,7363.2,7264.3,7215.7,7271.85,7177.75
TEAMLEASE SERVICES,EQ,TEAMLEASE,2016-02-02,2016-02-04,850,785,65,2016-02-12,423.68,1453.23,1764.39,21.41,55.29,2016-02-02,850.0,12.23,190.57,10.34,38.72,860.0,1032.0,21.41,7566.65,7455.55,7576.3,7428.05,7411.45,7404.0,7457.05,7365.95
PRECISION CAMSHAFTS,EQ,PRECAM,2016-01-27,2016-01-29,186,180,6,2016-02-08,410.19,1762.25,1681.25,-4.6,-12.23,2016-01-27,186.0,1.72,0.39,1.87,1.57,165.0,177.45,-4.6,7469.6,7437.75,7477.9,7419.7,7413.35,7563.55,7575.65,7402.8
